time,wind_direction,wind_speed,wind_gust,wave_height,dominant_wave_period,average_wave_period,dominant_wave_direction,pressure,air_temperature,water_temperature,dewpoint,visibility,3hr_pressure_tendency,water_level_above_mean,time,Station ID
0,340.0,9.8,10.3,,,,,1007.2,5.2,,,,-1.1,,2025-03-31 11:00:00+00:00,FFIA2
1,360.0,8.2,8.8,,,,,1007.7,5.4,,,,-0.7,,2025-03-31 10:00:00+00:00,FFIA2
2,350.0,9.3,10.3,,,,,1008.0,5.8,,,,-0.5,,2025-03-31 09:00:00+00:00,FFIA2
3,350.0,9.3,10.3,,,,,1008.3,5.9,,,,-0.6,,2025-03-31 08:00:00+00:00,FFIA2
4,360.0,9.3,10.3,,,,,1008.4,6.1,,,,-0.7,,2025-03-31 07:00:00+00:00,FFIA2
5,350.0,10.8,11.8,,,,,1008.5,6.8,,,,-0.9,,2025-03-31 06:00:00+00:00,FFIA2
6,350.0,9.8,10.3,,,,,1008.9,6.7,,,,-1.0,,2025-03-31 05:00:00+00:00,FFIA2
7,350.0,9.8,10.3,,,,,1009.1,7.2,,,,-1.6,,2025-03-31 04:00:00+00:00,FFIA2
8,350.0,10.3,11.3,,,,,1009.4,7.0,,,,-2.2,,2025-03-31 03:00:00+00:00,FFIA2
9,350.0,10.8,11.8,,,,,1009.9,6.8,,,,-2.5,,2025-03-31 02:00:00+00:00,FFIA2
10,350.0,10.8,11.8,,,,,1010.7,7.6,,,,-2.4,,2025-03-31 01:00:00+00:00,FFIA2
11,350.0,9.3,9.8,,,,,1011.6,6.9,,,,-2.2,,2025-03-31 00:00:00+00:00,FFIA2
12,350.0,9.3,10.3,,,,,1012.4,6.9,,,,-2.2,,2025-03-30 23:00:00+00:00,FFIA2
13,350.0,9.3,10.3,,,,,1013.1,6.5,,,,-1.9,,2025-03-30 22:00:00+00:00,FFIA2
14,350.0,7.7,8.2,,,,,1013.8,5.9,,,,-1.5,,2025-03-30 21:00:00+00:00,FFIA2
15,10.0,3.6,3.6,,,,,1014.6,5.2,,,,-1.1,,2025-03-30 20:00:00+00:00,FFIA2
16,10.0,3.6,4.6,,,,,1015.0,4.6,,,,-0.8,,2025-03-30 19:00:00+00:00,FFIA2
17,20.0,3.1,4.1,,,,,1015.3,4.1,,,,-0.7,,2025-03-30 18:00:00+00:00,FFIA2
18,30.0,3.6,4.1,,,,,1015.7,4.1,,,,-0.3,,2025-03-30 17:00:00+00:00,FFIA2
19,40.0,3.6,4.1,,,,,1015.8,4.4,,,,-0.4,,2025-03-30 16:00:00+00:00,FFIA2
20,40.0,4.6,5.1,,,,,1016.0,4.1,,,,-0.3,,2025-03-30 15:00:00+00:00,FFIA2
21,20.0,3.1,3.6,,,,,1016.0,4.3,,,,0.0,,2025-03-30 14:00:00+00:00,FFIA2
22,340.0,1.5,2.1,,,,,1016.2,4.8,,,,0.0,,2025-03-30 13:00:00+00:00,FFIA2
23,300.0,2.1,2.1,,,,,1016.3,5.3,,,,0.0,,2025-03-30 12:00:00+00:00,FFIA2
24,260.0,1.0,1.5,,,,,1016.2,5.5,,,,0.0,,2025-03-30 11:00:00+00:00,FFIA2
25,100.0,0.5,1.5,,,,,1016.3,4.8,,,,0.7,,2025-03-30 10:00:00+00:00,FFIA2
26,80.0,4.1,4.6,,,,,1016.1,6.1,,,,0.8,,2025-03-30 09:00:00+00:00,FFIA2
27,80.0,1.0,1.5,,,,,1016.2,5.8,,,,2.1,,2025-03-30 08:00:00+00:00,FFIA2
28,140.0,4.6,5.1,,,,,1015.6,5.8,,,,2.2,,2025-03-30 07:00:00+00:00,FFIA2
29,160.0,4.1,5.7,,,,,1015.3,6.0,,,,2.5,,2025-03-30 06:00:00+00:00,FFIA2
30,140.0,8.8,9.8,,,,,1014.1,6.3,,,,2.4,,2025-03-30 05:00:00+00:00,FFIA2
31,150.0,7.2,8.8,,,,,1013.4,6.3,,,,2.4,,2025-03-30 04:00:00+00:00,FFIA2
32,180.0,4.1,5.1,,,,,1012.8,6.6,,,,2.6,,2025-03-30 03:00:00+00:00,FFIA2
33,180.0,5.7,6.2,,,,,1011.7,8.1,,,,2.2,,2025-03-30 02:00:00+00:00,FFIA2
34,50.0,2.6,2.6,,,,,1011.0,6.8,,,,1.8,,2025-03-30 01:00:00+00:00,FFIA2
35,40.0,3.6,4.1,,,,,1010.2,6.3,,,,0.8,,2025-03-30 00:00:00+00:00,FFIA2
36,30.0,3.1,3.6,,,,,1009.5,6.1,,,,0.3,,2025-03-29 23:00:00+00:00,FFIA2
37,20.0,4.6,5.1,,,,,1009.2,5.8,,,,0.0,,2025-03-29 22:00:00+00:00,FFIA2
38,30.0,3.6,4.1,,,,,1009.4,5.5,,,,0.7,,2025-03-29 21:00:00+00:00,FFIA2
39,20.0,4.1,4.6,,,,,1009.2,5.3,,,,0.8,,2025-03-29 20:00:00+00:00,FFIA2
40,20.0,4.1,4.6,,,,,1009.1,4.7,,,,0.9,,2025-03-29 19:00:00+00:00,FFIA2
41,10.0,5.7,6.2,,,,,1008.7,4.6,,,,0.5,,2025-03-29 18:00:00+00:00,FFIA2
42,10.0,4.1,5.1,,,,,1008.4,4.5,,,,0.4,,2025-03-29 17:00:00+00:00,FFIA2
43,30.0,3.6,4.6,,,,,1008.2,4.4,,,,0.4,,2025-03-29 16:00:00+00:00,FFIA2
44,60.0,1.5,2.1,,,,,1008.2,4.2,,,,0.4,,2025-03-29 15:00:00+00:00,FFIA2
45,40.0,3.6,4.1,,,,,1008.0,3.9,,,,0.3,,2025-03-29 14:00:00+00:00,FFIA2
46,40.0,3.1,3.6,,,,,1007.8,3.6,,,,0.0,,2025-03-29 13:00:00+00:00,FFIA2
47,30.0,3.6,4.1,,,,,1007.8,3.9,,,,0.3,,2025-03-29 12:00:00+00:00,FFIA2
48,10.0,2.1,2.6,,,,,1007.7,5.4,,,,0.8,,2025-03-29 11:00:00+00:00,FFIA2
49,50.0,3.1,3.1,,,,,1007.7,5.1,,,,1.3,,2025-03-29 10:00:00+00:00,FFIA2
50,50.0,2.1,2.1,,,,,1007.5,4.5,,,,1.5,,2025-03-29 09:00:00+00:00,FFIA2
51,50.0,3.1,3.6,,,,,1006.9,5.7,,,,1.0,,2025-03-29 08:00:00+00:00,FFIA2
52,50.0,4.1,5.1,,,,,1006.4,5.1,,,,0.8,,2025-03-29 07:00:00+00:00,FFIA2
53,10.0,4.1,4.6,,,,,1006.0,6.4,,,,0.8,,2025-03-29 06:00:00+00:00,FFIA2
54,10.0,4.1,4.6,,,,,1005.9,6.6,,,,1.2,,2025-03-29 05:00:00+00:00,FFIA2
55,20.0,4.1,4.1,,,,,1005.6,6.3,,,,0.9,,2025-03-29 04:00:00+00:00,FFIA2
56,20.0,3.6,4.1,,,,,1005.2,6.2,,,,0.6,,2025-03-29 03:00:00+00:00,FFIA2
57,10.0,6.2,6.7,,,,,1004.7,6.9,,,,0.0,,2025-03-29 02:00:00+00:00,FFIA2
58,30.0,3.6,3.6,,,,,1004.7,6.9,,,,0.0,,2025-03-29 01:00:00+00:00,FFIA2
59,10.0,4.6,5.1,,,,,1004.6,7.1,,,,0.0,,2025-03-29 00:00:00+00:00,FFIA2
60,10.0,5.7,5.7,,,,,1004.6,7.0,,,,0.0,,2025-03-28 23:00:00+00:00,FFIA2
61,10.0,5.7,6.7,,,,,1004.5,6.6,,,,0.0,,2025-03-28 22:00:00+00:00,FFIA2
62,10.0,4.1,4.6,,,,,1004.7,5.8,,,,0.3,,2025-03-28 21:00:00+00:00,FFIA2
63,360.0,6.2,6.7,,,,,1004.6,5.7,,,,0.6,,2025-03-28 20:00:00+00:00,FFIA2
64,360.0,6.2,6.7,,,,,1004.5,5.6,,,,0.6,,2025-03-28 19:00:00+00:00,FFIA2
65,360.0,7.2,8.2,,,,,1004.4,5.6,,,,1.5,,2025-03-28 18:00:00+00:00,FFIA2
66,360.0,6.7,7.2,,,,,1004.0,5.4,,,,1.3,,2025-03-28 17:00:00+00:00,FFIA2
67,20.0,5.7,6.7,,,,,1003.9,5.4,,,,1.1,,2025-03-28 16:00:00+00:00,FFIA2
68,10.0,10.8,12.4,,,,,1002.9,5.6,,,,0.0,,2025-03-28 15:00:00+00:00,FFIA2
69,360.0,10.8,12.4,,,,,1002.7,5.6,,,,-0.5,,2025-03-28 14:00:00+00:00,FFIA2
70,10.0,8.2,10.8,,,,,1002.8,5.9,,,,-0.3,,2025-03-28 13:00:00+00:00,FFIA2
71,10.0,9.3,10.3,,,,,1002.9,6.0,,,,-0.5,,2025-03-28 12:00:00+00:00,FFIA2
72,360.0,8.2,8.8,,,,,1003.2,6.4,,,,0.0,,2025-03-28 11:00:00+00:00,FFIA2
73,360.0,9.3,10.3,,,,,1003.1,6.7,,,,0.0,,2025-03-28 10:00:00+00:00,FFIA2
74,10.0,5.1,5.7,,,,,1003.4,6.2,,,,0.0,,2025-03-28 09:00:00+00:00,FFIA2
75,10.0,6.7,7.2,,,,,1003.3,6.2,,,,0.0,,2025-03-28 08:00:00+00:00,FFIA2
76,20.0,6.7,7.2,,,,,1003.3,7.2,,,,0.0,,2025-03-28 07:00:00+00:00,FFIA2
77,360.0,7.2,7.7,,,,,1003.3,7.6,,,,0.5,,2025-03-28 06:00:00+00:00,FFIA2
78,10.0,5.7,5.7,,,,,1003.4,7.2,,,,0.6,,2025-03-28 05:00:00+00:00,FFIA2
79,10.0,4.6,5.1,,,,,1003.3,7.4,,,,0.8,,2025-03-28 04:00:00+00:00,FFIA2
80,360.0,5.7,6.7,,,,,1002.8,8.3,,,,0.3,,2025-03-28 03:00:00+00:00,FFIA2
81,340.0,7.2,7.7,,,,,1002.8,9.2,,,,-0.0,,2025-03-28 02:00:00+00:00,FFIA2
82,350.0,10.3,10.8,,,,,1002.5,10.2,,,,-1.0,,2025-03-28 01:00:00+00:00,FFIA2
83,350.0,10.8,11.8,,,,,1002.5,9.9,,,,-1.7,,2025-03-28 00:00:00+00:00,FFIA2
84,350.0,10.8,11.3,,,,,1002.8,9.2,,,,-1.4,,2025-03-27 23:00:00+00:00,FFIA2
85,350.0,8.2,9.3,,,,,1003.5,7.6,,,,-0.4,,2025-03-27 22:00:00+00:00,FFIA2
86,10.0,6.2,6.7,,,,,1004.2,7.1,,,,0.4,,2025-03-27 21:00:00+00:00,FFIA2
87,20.0,7.2,7.7,,,,,1004.2,7.2,,,,0.4,,2025-03-27 20:00:00+00:00,FFIA2
88,10.0,8.8,10.3,,,,,1003.9,7.5,,,,0.0,,2025-03-27 19:00:00+00:00,FFIA2
89,360.0,8.2,10.8,,,,,1003.8,6.8,,,,-0.3,,2025-03-27 18:00:00+00:00,FFIA2
90,360.0,8.8,9.8,,,,,1003.8,6.7,,,,-0.5,,2025-03-27 17:00:00+00:00,FFIA2
91,10.0,8.2,10.3,,,,,1004.0,6.4,,,,-0.4,,2025-03-27 16:00:00+00:00,FFIA2
92,360.0,6.7,7.7,,,,,1004.1,6.0,,,,-0.7,,2025-03-27 15:00:00+00:00,FFIA2
93,20.0,5.1,6.2,,,,,1004.3,5.9,,,,-0.9,,2025-03-27 14:00:00+00:00,FFIA2
94,30.0,5.1,5.1,,,,,1004.4,5.0,,,,-1.6,,2025-03-27 13:00:00+00:00,FFIA2
95,20.0,4.6,5.1,,,,,1004.8,5.9,,,,-1.6,,2025-03-27 12:00:00+00:00,FFIA2
96,10.0,7.7,7.7,,,,,1005.2,6.4,,,,-1.8,,2025-03-27 11:00:00+00:00,FFIA2
97,10.0,5.7,6.7,,,,,1006.0,6.5,,,,-1.5,,2025-03-27 10:00:00+00:00,FFIA2
98,10.0,5.1,6.2,,,,,1006.4,6.6,,,,-1.6,,2025-03-27 09:00:00+00:00,FFIA2
99,360.0,4.1,4.6,,,,,1007.0,6.6,,,,-1.4,,2025-03-27 08:00:00+00:00,FFIA2
100,20.0,4.1,4.6,,,,,1007.5,6.8,,,,-0.7,,2025-03-27 07:00:00+00:00,FFIA2
101,20.0,5.1,6.7,,,,,1008.0,6.9,,,,-0.5,,2025-03-27 06:00:00+00:00,FFIA2
102,30.0,4.1,5.1,,,,,1008.4,6.1,,,,-1.2,,2025-03-27 05:00:00+00:00,FFIA2
103,350.0,10.3,11.3,,,,,1008.2,7.4,,,,-2.2,,2025-03-27 04:00:00+00:00,FFIA2
104,350.0,10.8,11.3,,,,,1008.5,8.1,,,,-2.6,,2025-03-27 03:00:00+00:00,FFIA2
105,340.0,9.3,10.3,,,,,1009.6,7.9,,,,-2.4,,2025-03-27 02:00:00+00:00,FFIA2
106,340.0,9.8,11.3,,,,,1010.4,7.5,,,,-3.1,,2025-03-27 01:00:00+00:00,FFIA2
107,350.0,10.3,11.3,,,,,1011.1,7.1,,,,-3.4,,2025-03-27 00:00:00+00:00,FFIA2
108,350.0,10.8,11.8,,,,,1012.0,6.0,,,,-3.3,,2025-03-26 23:00:00+00:00,FFIA2
109,350.0,8.2,9.8,,,,,1013.5,5.2,,,,-2.5,,2025-03-26 22:00:00+00:00,FFIA2
110,10.0,8.8,10.3,,,,,1014.5,4.8,,,,-1.9,,2025-03-26 21:00:00+00:00,FFIA2
111,350.0,8.8,9.8,,,,,1015.3,4.3,,,,-1.4,,2025-03-26 20:00:00+00:00,FFIA2
112,350.0,8.8,9.8,,,,,1016.0,3.5,,,,-1.2,,2025-03-26 19:00:00+00:00,FFIA2
113,360.0,9.3,10.3,,,,,1016.4,3.3,,,,-1.8,,2025-03-26 18:00:00+00:00,FFIA2
114,360.0,11.8,12.9,,,,,1016.7,3.0,,,,-2.3,,2025-03-26 17:00:00+00:00,FFIA2
115,360.0,11.3,11.8,,,,,1017.2,3.0,,,,-2.3,,2025-03-26 16:00:00+00:00,FFIA2
116,350.0,8.2,8.8,,,,,1018.2,2.9,,,,-1.6,,2025-03-26 15:00:00+00:00,FFIA2
117,360.0,7.7,8.8,,,,,1019.0,3.1,,,,-1.0,,2025-03-26 14:00:00+00:00,FFIA2
118,360.0,5.7,6.2,,,,,1019.5,3.0,,,,-1.0,,2025-03-26 13:00:00+00:00,FFIA2
119,10.0,6.7,7.2,,,,,1019.8,3.1,,,,-1.1,,2025-03-26 12:00:00+00:00,FFIA2
120,360.0,7.2,7.7,,,,,1020.0,3.5,,,,-0.8,,2025-03-26 11:00:00+00:00,FFIA2
121,10.0,5.1,5.7,,,,,1020.5,3.7,,,,0.0,,2025-03-26 10:00:00+00:00,FFIA2
122,10.0,5.7,5.7,,,,,1020.9,3.6,,,,0.7,,2025-03-26 09:00:00+00:00,FFIA2
123,10.0,4.6,5.1,,,,,1020.8,3.6,,,,1.1,,2025-03-26 08:00:00+00:00,FFIA2
124,10.0,4.6,5.1,,,,,1020.5,3.6,,,,1.3,,2025-03-26 07:00:00+00:00,FFIA2
125,360.0,5.1,5.7,,,,,1020.2,3.6,,,,1.7,,2025-03-26 06:00:00+00:00,FFIA2
126,10.0,4.6,5.1,,,,,1019.7,3.5,,,,1.5,,2025-03-26 05:00:00+00:00,FFIA2
127,360.0,5.1,5.7,,,,,1019.2,3.5,,,,1.4,,2025-03-26 04:00:00+00:00,FFIA2
128,360.0,5.1,5.1,,,,,1018.5,3.6,,,,0.8,,2025-03-26 03:00:00+00:00,FFIA2
129,10.0,4.1,4.6,,,,,1018.2,3.8,,,,0.8,,2025-03-26 02:00:00+00:00,FFIA2
130,40.0,5.1,5.1,,,,,1017.8,4.0,,,,0.7,,2025-03-26 01:00:00+00:00,FFIA2
131,50.0,1.0,1.5,,,,,1017.7,3.9,,,,0.9,,2025-03-26 00:00:00+00:00,FFIA2
132,60.0,1.0,1.0,,,,,1017.4,4.1,,,,0.9,,2025-03-25 23:00:00+00:00,FFIA2
133,,0.0,0.5,,,,,1017.1,4.1,,,,0.5,,2025-03-25 22:00:00+00:00,FFIA2
134,10.0,2.6,2.6,,,,,1016.8,4.0,,,,0.7,,2025-03-25 21:00:00+00:00,FFIA2
135,10.0,4.6,5.1,,,,,1016.5,4.2,,,,0.8,,2025-03-25 20:00:00+00:00,FFIA2
136,30.0,2.1,2.6,,,,,1016.6,4.1,,,,0.6,,2025-03-25 19:00:00+00:00,FFIA2
137,330.0,1.5,3.1,,,,,1016.1,4.0,,,,-0.4,,2025-03-25 18:00:00+00:00,FFIA2
138,10.0,5.1,5.7,,,,,1015.7,4.0,,,,-1.3,,2025-03-25 17:00:00+00:00,FFIA2
139,50.0,5.7,6.2,,,,,1016.0,4.0,,,,-1.5,,2025-03-25 16:00:00+00:00,FFIA2
140,20.0,3.1,3.6,,,,,1016.5,4.1,,,,-1.4,,2025-03-25 15:00:00+00:00,FFIA2
141,20.0,1.5,1.5,,,,,1017.0,4.0,,,,-1.3,,2025-03-25 14:00:00+00:00,FFIA2
142,30.0,4.6,4.6,,,,,1017.5,4.3,,,,-0.9,,2025-03-25 13:00:00+00:00,FFIA2
143,30.0,5.1,5.7,,,,,1017.9,4.3,,,,-0.8,,2025-03-25 12:00:00+00:00,FFIA2
144,10.0,4.1,4.1,,,,,1018.3,4.8,,,,-0.3,,2025-03-25 11:00:00+00:00,FFIA2
145,50.0,3.1,3.1,,,,,1018.4,4.8,,,,0.0,,2025-03-25 10:00:00+00:00,FFIA2
146,30.0,2.6,3.1,,,,,1018.7,5.5,,,,0.3,,2025-03-25 09:00:00+00:00,FFIA2
147,30.0,1.5,1.5,,,,,1018.6,5.8,,,,0.3,,2025-03-25 08:00:00+00:00,FFIA2
148,80.0,3.6,4.1,,,,,1018.4,6.2,,,,0.4,,2025-03-25 07:00:00+00:00,FFIA2
149,70.0,3.6,4.6,,,,,1018.4,5.7,,,,0.8,,2025-03-25 06:00:00+00:00,FFIA2
150,70.0,4.6,5.1,,,,,1018.3,5.4,,,,0.8,,2025-03-25 05:00:00+00:00,FFIA2
151,140.0,4.6,4.6,,,,,1018.0,6.3,,,,0.5,,2025-03-25 04:00:00+00:00,FFIA2
152,140.0,6.2,6.7,,,,,1017.6,6.1,,,,-0.0,,2025-03-25 03:00:00+00:00,FFIA2
153,150.0,7.2,8.2,,,,,1017.5,6.5,,,,0.0,,2025-03-25 02:00:00+00:00,FFIA2
154,140.0,8.2,9.8,,,,,1017.5,6.2,,,,0.0,,2025-03-25 01:00:00+00:00,FFIA2
155,150.0,5.1,5.7,,,,,1017.8,5.9,,,,1.0,,2025-03-25 00:00:00+00:00,FFIA2
156,150.0,7.7,9.3,,,,,1017.6,5.7,,,,1.3,,2025-03-24 23:00:00+00:00,FFIA2
157,150.0,7.7,9.8,,,,,1017.5,5.5,,,,1.7,,2025-03-24 22:00:00+00:00,FFIA2
158,150.0,10.3,12.4,,,,,1016.8,5.4,,,,1.8,,2025-03-24 21:00:00+00:00,FFIA2
159,150.0,10.3,11.3,,,,,1016.3,4.8,,,,2.3,,2025-03-24 20:00:00+00:00,FFIA2
160,150.0,8.2,9.3,,,,,1015.8,5.4,,,,2.8,,2025-03-24 19:00:00+00:00,FFIA2
161,150.0,7.2,9.8,,,,,1015.0,5.3,,,,2.9,,2025-03-24 18:00:00+00:00,FFIA2
162,150.0,9.3,11.8,,,,,1014.0,4.9,,,,3.1,,2025-03-24 17:00:00+00:00,FFIA2
163,150.0,10.3,11.8,,,,,1013.0,5.1,,,,3.1,,2025-03-24 16:00:00+00:00,FFIA2
164,150.0,11.3,12.4,,,,,1012.1,5.2,,,,2.9,,2025-03-24 15:00:00+00:00,FFIA2
165,150.0,12.4,14.4,,,,,1010.9,5.4,,,,3.0,,2025-03-24 14:00:00+00:00,FFIA2
166,150.0,12.4,14.9,,,,,1009.9,5.4,,,,3.4,,2025-03-24 13:00:00+00:00,FFIA2
167,160.0,8.2,12.9,,,,,1009.2,5.4,,,,4.4,,2025-03-24 12:00:00+00:00,FFIA2
168,160.0,9.3,12.4,,,,,1007.9,5.4,,,,4.8,,2025-03-24 11:00:00+00:00,FFIA2
169,160.0,9.8,14.4,,,,,1006.5,5.6,,,,4.1,,2025-03-24 10:00:00+00:00,FFIA2
170,150.0,11.3,14.9,,,,,1004.8,5.3,,,,4.1,,2025-03-24 09:00:00+00:00,FFIA2
171,150.0,14.9,17.0,,,,,1003.1,5.0,,,,3.0,,2025-03-24 08:00:00+00:00,FFIA2
172,150.0,12.4,15.4,,,,,1002.4,4.5,,,,3.5,,2025-03-24 07:00:00+00:00,FFIA2
173,150.0,15.4,17.5,,,,,1000.7,4.7,,,,2.2,,2025-03-24 06:00:00+00:00,FFIA2
174,150.0,12.9,17.5,,,,,1000.1,5.1,,,,1.8,,2025-03-24 05:00:00+00:00,FFIA2
175,150.0,13.9,17.5,,,,,998.9,5.5,,,,1.5,,2025-03-24 04:00:00+00:00,FFIA2
176,150.0,11.8,14.9,,,,,998.5,5.9,,,,0.9,,2025-03-24 03:00:00+00:00,FFIA2
177,150.0,9.8,12.9,,,,,998.3,5.7,,,,1.1,,2025-03-24 02:00:00+00:00,FFIA2
178,150.0,13.4,14.9,,,,,997.4,6.1,,,,0.5,,2025-03-24 01:00:00+00:00,FFIA2
179,150.0,8.2,10.8,,,,,997.6,6.0,,,,1.4,,2025-03-24 00:00:00+00:00,FFIA2
180,160.0,8.8,12.9,,,,,997.2,6.1,,,,1.4,,2025-03-23 23:00:00+00:00,FFIA2
181,160.0,8.8,11.8,,,,,996.9,6.4,,,,0.7,,2025-03-23 22:00:00+00:00,FFIA2
182,140.0,8.8,10.8,,,,,996.2,6.9,,,,-0.3,,2025-03-23 21:00:00+00:00,FFIA2
183,140.0,10.3,11.8,,,,,995.8,6.3,,,,-0.9,,2025-03-23 20:00:00+00:00,FFIA2
184,140.0,7.2,9.3,,,,,996.2,6.3,,,,-0.5,,2025-03-23 19:00:00+00:00,FFIA2
185,10.0,4.6,4.6,,,,,996.5,3.4,,,,0.0,,2025-03-23 18:00:00+00:00,FFIA2
186,10.0,4.1,4.6,,,,,996.7,2.9,,,,-0.0,,2025-03-23 17:00:00+00:00,FFIA2
187,30.0,2.1,2.6,,,,,996.7,3.3,,,,-0.4,,2025-03-23 16:00:00+00:00,FFIA2
188,360.0,4.1,4.6,,,,,996.5,3.4,,,,-1.0,,2025-03-23 15:00:00+00:00,FFIA2
189,10.0,4.1,4.6,,,,,996.8,3.4,,,,-0.9,,2025-03-23 14:00:00+00:00,FFIA2
190,20.0,3.6,4.1,,,,,997.1,3.3,,,,-1.2,,2025-03-23 13:00:00+00:00,FFIA2
191,10.0,3.6,4.6,,,,,997.5,3.7,,,,-1.8,,2025-03-23 12:00:00+00:00,FFIA2
192,10.0,5.7,6.2,,,,,997.7,3.9,,,,-2.4,,2025-03-23 11:00:00+00:00,FFIA2
193,360.0,7.2,8.2,,,,,998.3,3.7,,,,-2.4,,2025-03-23 10:00:00+00:00,FFIA2
194,10.0,6.2,6.2,,,,,999.3,3.7,,,,-2.2,,2025-03-23 09:00:00+00:00,FFIA2
195,360.0,5.1,5.7,,,,,1000.1,4.0,,,,-2.1,,2025-03-23 08:00:00+00:00,FFIA2
196,20.0,4.1,4.1,,,,,1000.7,4.0,,,,-2.1,,2025-03-23 07:00:00+00:00,FFIA2
197,40.0,3.6,4.1,,,,,1001.5,4.2,,,,-1.6,,2025-03-23 06:00:00+00:00,FFIA2
198,60.0,5.1,5.7,,,,,1002.2,4.7,,,,-1.7,,2025-03-23 05:00:00+00:00,FFIA2
199,,0.0,0.5,,,,,1002.8,5.9,,,,-1.4,,2025-03-23 04:00:00+00:00,FFIA2
200,190.0,3.1,3.6,,,,,1003.1,5.2,,,,-1.5,,2025-03-23 03:00:00+00:00,FFIA2
201,160.0,2.1,3.1,,,,,1003.9,5.8,,,,-1.3,,2025-03-23 02:00:00+00:00,FFIA2
202,150.0,6.7,8.8,,,,,1004.2,5.6,,,,-1.1,,2025-03-23 01:00:00+00:00,FFIA2
203,140.0,7.2,8.2,,,,,1004.6,6.6,,,,-0.9,,2025-03-23 00:00:00+00:00,FFIA2
204,160.0,4.1,7.2,,,,,1005.2,6.6,,,,0.0,,2025-03-22 23:00:00+00:00,FFIA2
205,140.0,8.2,9.8,,,,,1005.3,5.8,,,,0.0,,2025-03-22 22:00:00+00:00,FFIA2
206,130.0,8.2,8.8,,,,,1005.5,5.1,,,,0.7,,2025-03-22 21:00:00+00:00,FFIA2
207,140.0,7.2,9.3,,,,,1005.3,5.2,,,,1.0,,2025-03-22 20:00:00+00:00,FFIA2
208,140.0,6.7,8.2,,,,,1005.2,4.9,,,,1.3,,2025-03-22 19:00:00+00:00,FFIA2
209,150.0,6.2,7.7,,,,,1004.8,4.8,,,,1.2,,2025-03-22 18:00:00+00:00,FFIA2
210,140.0,7.7,8.2,,,,,1004.3,4.2,,,,1.0,,2025-03-22 17:00:00+00:00,FFIA2
211,150.0,7.7,9.3,,,,,1003.9,4.0,,,,0.7,,2025-03-22 16:00:00+00:00,FFIA2
212,150.0,6.7,8.8,,,,,1003.6,4.0,,,,0.3,,2025-03-22 15:00:00+00:00,FFIA2
213,140.0,6.7,7.7,,,,,1003.3,4.4,,,,0.0,,2025-03-22 14:00:00+00:00,FFIA2
214,140.0,6.2,7.2,,,,,1003.2,4.7,,,,0.0,,2025-03-22 13:00:00+00:00,FFIA2
215,100.0,2.1,2.6,,,,,1003.3,4.1,,,,0.8,,2025-03-22 12:00:00+00:00,FFIA2
216,80.0,2.1,3.1,,,,,1003.2,4.0,,,,1.0,,2025-03-22 11:00:00+00:00,FFIA2
217,160.0,3.1,4.6,,,,,1003.0,4.1,,,,0.9,,2025-03-22 10:00:00+00:00,FFIA2
218,150.0,5.7,6.7,,,,,1002.5,4.5,,,,0.7,,2025-03-22 09:00:00+00:00,FFIA2
219,140.0,7.7,8.2,,,,,1002.2,4.4,,,,0.7,,2025-03-22 08:00:00+00:00,FFIA2
220,140.0,6.2,7.2,,,,,1002.1,4.6,,,,1.0,,2025-03-22 07:00:00+00:00,FFIA2
221,140.0,6.2,7.2,,,,,1001.8,4.4,,,,1.1,,2025-03-22 06:00:00+00:00,FFIA2
222,150.0,4.1,5.7,,,,,1001.5,4.5,,,,1.2,,2025-03-22 05:00:00+00:00,FFIA2
223,160.0,5.1,6.2,,,,,1001.1,3.7,,,,1.0,,2025-03-22 04:00:00+00:00,FFIA2
224,150.0,3.1,3.6,,,,,1000.7,4.6,,,,0.6,,2025-03-22 03:00:00+00:00,FFIA2
225,160.0,4.6,6.7,,,,,1000.3,4.4,,,,0.3,,2025-03-22 02:00:00+00:00,FFIA2
226,150.0,5.1,6.7,,,,,1000.1,4.5,,,,0.5,,2025-03-22 01:00:00+00:00,FFIA2
227,160.0,3.6,5.1,,,,,1000.1,4.9,,,,1.4,,2025-03-22 00:00:00+00:00,FFIA2
228,120.0,2.6,3.1,,,,,1000.0,4.5,,,,1.5,,2025-03-21 23:00:00+00:00,FFIA2
229,150.0,8.8,9.8,,,,,999.6,3.6,,,,1.9,,2025-03-21 22:00:00+00:00,FFIA2
230,150.0,10.3,11.8,,,,,998.7,4.2,,,,1.9,,2025-03-21 21:00:00+00:00,FFIA2
231,150.0,6.2,7.7,,,,,998.5,5.2,,,,2.4,,2025-03-21 20:00:00+00:00,FFIA2
232,140.0,7.2,8.2,,,,,997.7,4.7,,,,2.0,,2025-03-21 19:00:00+00:00,FFIA2
233,140.0,9.3,10.3,,,,,996.8,4.1,,,,1.7,,2025-03-21 18:00:00+00:00,FFIA2
234,150.0,7.2,8.2,,,,,996.1,3.8,,,,1.4,,2025-03-21 17:00:00+00:00,FFIA2
235,120.0,3.1,3.6,,,,,995.7,4.1,,,,1.4,,2025-03-21 16:00:00+00:00,FFIA2
236,130.0,3.1,3.6,,,,,995.1,4.4,,,,1.1,,2025-03-21 15:00:00+00:00,FFIA2
237,,0.0,0.5,,,,,994.7,3.7,,,,0.8,,2025-03-21 14:00:00+00:00,FFIA2
238,80.0,3.1,3.6,,,,,994.3,3.5,,,,0.6,,2025-03-21 13:00:00+00:00,FFIA2
239,80.0,2.6,3.1,,,,,994.0,4.1,,,,0.7,,2025-03-21 12:00:00+00:00,FFIA2
240,90.0,2.1,2.1,,,,,993.9,3.8,,,,0.9,,2025-03-21 11:00:00+00:00,FFIA2
241,20.0,1.5,2.1,,,,,993.7,3.8,,,,1.0,,2025-03-21 10:00:00+00:00,FFIA2
242,350.0,2.1,2.6,,,,,993.3,3.7,,,,0.4,,2025-03-21 09:00:00+00:00,FFIA2
243,10.0,2.1,2.6,,,,,993.0,3.8,,,,0.6,,2025-03-21 08:00:00+00:00,FFIA2
244,360.0,1.5,2.1,,,,,992.7,3.9,,,,-0.0,,2025-03-21 07:00:00+00:00,FFIA2
245,40.0,2.6,3.1,,,,,992.9,3.9,,,,0.3,,2025-03-21 06:00:00+00:00,FFIA2
246,40.0,5.1,5.7,,,,,992.4,3.9,,,,-0.8,,2025-03-21 05:00:00+00:00,FFIA2
247,30.0,3.1,3.1,,,,,992.8,4.8,,,,-0.9,,2025-03-21 04:00:00+00:00,FFIA2
248,360.0,6.2,6.7,,,,,992.6,4.2,,,,-2.0,,2025-03-21 03:00:00+00:00,FFIA2
249,10.0,5.7,6.2,,,,,993.2,4.0,,,,-2.4,,2025-03-21 02:00:00+00:00,FFIA2
250,10.0,6.7,7.2,,,,,993.7,3.8,,,,-2.9,,2025-03-21 01:00:00+00:00,FFIA2
251,70.0,4.6,4.6,,,,,994.6,4.8,,,,-2.5,,2025-03-21 00:00:00+00:00,FFIA2
252,70.0,1.5,2.1,,,,,995.6,4.9,,,,-1.4,,2025-03-20 23:00:00+00:00,FFIA2
253,50.0,2.1,2.6,,,,,996.6,4.4,,,,-0.3,,2025-03-20 22:00:00+00:00,FFIA2
254,50.0,1.5,2.1,,,,,997.1,4.7,,,,0.7,,2025-03-20 21:00:00+00:00,FFIA2
255,140.0,7.7,8.8,,,,,997.0,4.0,,,,1.2,,2025-03-20 20:00:00+00:00,FFIA2
256,140.0,8.2,9.8,,,,,996.9,3.4,,,,1.9,,2025-03-20 19:00:00+00:00,FFIA2
257,140.0,7.7,9.3,,,,,996.4,2.6,,,,2.2,,2025-03-20 18:00:00+00:00,FFIA2
258,150.0,7.2,10.3,,,,,995.8,1.5,,,,2.4,,2025-03-20 17:00:00+00:00,FFIA2
259,160.0,4.1,5.7,,,,,995.0,1.1,,,,2.2,,2025-03-20 16:00:00+00:00,FFIA2
260,170.0,3.1,3.6,,,,,994.2,0.6,,,,2.0,,2025-03-20 15:00:00+00:00,FFIA2
261,160.0,1.5,2.6,,,,,993.4,0.6,,,,1.5,,2025-03-20 14:00:00+00:00,FFIA2
262,240.0,2.1,2.6,,,,,992.8,0.4,,,,1.0,,2025-03-20 13:00:00+00:00,FFIA2
263,230.0,2.1,2.1,,,,,992.2,0.5,,,,-0.0,,2025-03-20 12:00:00+00:00,FFIA2
264,180.0,2.1,2.6,,,,,991.9,0.6,,,,-0.3,,2025-03-20 11:00:00+00:00,FFIA2
265,180.0,1.5,1.5,,,,,991.8,0.5,,,,-0.8,,2025-03-20 10:00:00+00:00,FFIA2
266,100.0,1.5,2.1,,,,,992.1,1.7,,,,-1.1,,2025-03-20 09:00:00+00:00,FFIA2
267,,0.0,0.0,,,,,992.2,1.9,,,,-1.5,,2025-03-20 08:00:00+00:00,FFIA2
268,80.0,2.1,2.6,,,,,992.6,2.0,,,,-1.9,,2025-03-20 07:00:00+00:00,FFIA2
269,90.0,2.6,3.1,,,,,993.2,2.3,,,,-2.0,,2025-03-20 06:00:00+00:00,FFIA2
270,10.0,5.1,6.2,,,,,993.7,2.7,,,,-2.6,,2025-03-20 05:00:00+00:00,FFIA2
271,10.0,3.1,3.6,,,,,994.5,2.7,,,,-2.5,,2025-03-20 04:00:00+00:00,FFIA2
272,10.0,3.6,4.1,,,,,995.2,2.8,,,,-2.7,,2025-03-20 03:00:00+00:00,FFIA2
273,60.0,3.1,3.6,,,,,996.3,3.4,,,,-2.6,,2025-03-20 02:00:00+00:00,FFIA2
274,100.0,4.1,5.1,,,,,997.0,4.4,,,,-2.8,,2025-03-20 01:00:00+00:00,FFIA2
275,30.0,3.6,3.6,,,,,997.9,4.5,,,,-2.8,,2025-03-20 00:00:00+00:00,FFIA2
276,120.0,2.6,3.6,,,,,998.9,5.4,,,,-2.7,,2025-03-19 23:00:00+00:00,FFIA2
277,180.0,4.1,4.6,,,,,999.8,4.7,,,,-1.9,,2025-03-19 22:00:00+00:00,FFIA2
278,180.0,5.1,5.7,,,,,1000.7,5.0,,,,-0.5,,2025-03-19 21:00:00+00:00,FFIA2
279,150.0,5.1,5.7,,,,,1001.6,5.3,,,,-0.0,,2025-03-19 20:00:00+00:00,FFIA2
280,150.0,6.7,8.8,,,,,1001.7,5.3,,,,0.9,,2025-03-19 19:00:00+00:00,FFIA2
281,150.0,11.3,13.4,,,,,1001.2,5.2,,,,1.9,,2025-03-19 18:00:00+00:00,FFIA2
282,160.0,7.2,10.3,,,,,1001.8,4.7,,,,3.4,,2025-03-19 17:00:00+00:00,FFIA2
283,140.0,10.8,12.9,,,,,1000.8,5.0,,,,1.6,,2025-03-19 16:00:00+00:00,FFIA2
284,140.0,14.4,17.0,,,,,999.3,5.9,,,,-1.2,,2025-03-19 15:00:00+00:00,FFIA2
285,130.0,16.5,19.6,,,,,998.4,6.9,,,,-3.2,,2025-03-19 14:00:00+00:00,FFIA2
286,130.0,13.9,18.0,,,,,999.2,7.3,,,,-4.3,,2025-03-19 13:00:00+00:00,FFIA2
287,70.0,6.2,7.2,,,,,1000.5,6.4,,,,-4.3,,2025-03-19 12:00:00+00:00,FFIA2
288,130.0,10.3,11.8,,,,,1001.6,7.7,,,,-4.6,,2025-03-19 11:00:00+00:00,FFIA2
289,120.0,8.2,11.3,,,,,1003.5,7.4,,,,-3.2,,2025-03-19 10:00:00+00:00,FFIA2
290,130.0,10.8,12.9,,,,,1004.8,7.1,,,,-3.1,,2025-03-19 09:00:00+00:00,FFIA2
291,130.0,9.3,10.3,,,,,1006.2,6.7,,,,-2.6,,2025-03-19 08:00:00+00:00,FFIA2
292,140.0,11.3,12.9,,,,,1006.7,5.9,,,,-2.8,,2025-03-19 07:00:00+00:00,FFIA2
293,130.0,7.7,8.8,,,,,1007.9,5.5,,,,-2.1,,2025-03-19 06:00:00+00:00,FFIA2
294,130.0,6.2,7.2,,,,,1008.8,5.8,,,,-2.0,,2025-03-19 05:00:00+00:00,FFIA2
295,140.0,6.2,7.2,,,,,1009.5,5.8,,,,-2.0,,2025-03-19 04:00:00+00:00,FFIA2
296,140.0,6.2,6.7,,,,,1010.0,5.7,,,,-2.3,,2025-03-19 03:00:00+00:00,FFIA2
297,110.0,3.1,4.1,,,,,1010.8,5.3,,,,-1.8,,2025-03-19 02:00:00+00:00,FFIA2
298,130.0,3.1,3.6,,,,,1011.5,5.3,,,,-1.6,,2025-03-19 01:00:00+00:00,FFIA2
299,120.0,4.6,5.7,,,,,1012.3,4.9,,,,-1.0,,2025-03-19 00:00:00+00:00,FFIA2
300,150.0,7.7,8.8,,,,,1012.6,4.7,,,,-1.1,,2025-03-18 23:00:00+00:00,FFIA2
301,150.0,5.7,8.8,,,,,1013.1,4.6,,,,-0.5,,2025-03-18 22:00:00+00:00,FFIA2
302,140.0,9.8,10.3,,,,,1013.3,4.3,,,,0.0,,2025-03-18 21:00:00+00:00,FFIA2
303,140.0,6.7,7.7,,,,,1013.7,3.9,,,,0.0,,2025-03-18 20:00:00+00:00,FFIA2
304,140.0,8.8,9.8,,,,,1013.6,3.0,,,,0.0,,2025-03-18 19:00:00+00:00,FFIA2
305,150.0,7.7,8.8,,,,,1013.5,3.3,,,,0.0,,2025-03-18 18:00:00+00:00,FFIA2
306,110.0,1.5,2.6,,,,,1013.6,2.5,,,,0.0,,2025-03-18 17:00:00+00:00,FFIA2
307,90.0,2.6,3.1,,,,,1013.7,1.8,,,,0.0,,2025-03-18 16:00:00+00:00,FFIA2
308,130.0,6.2,7.2,,,,,1013.7,1.9,,,,0.0,,2025-03-18 15:00:00+00:00,FFIA2
309,150.0,5.1,6.2,,,,,1013.8,1.9,,,,0.0,,2025-03-18 14:00:00+00:00,FFIA2
310,140.0,7.2,7.7,,,,,1013.7,2.1,,,,0.0,,2025-03-18 13:00:00+00:00,FFIA2
311,140.0,7.2,8.2,,,,,1013.8,1.9,,,,0.6,,2025-03-18 12:00:00+00:00,FFIA2
312,140.0,6.7,7.7,,,,,1013.7,2.0,,,,0.9,,2025-03-18 11:00:00+00:00,FFIA2
313,140.0,7.2,8.8,,,,,1013.6,2.7,,,,1.2,,2025-03-18 10:00:00+00:00,FFIA2
314,150.0,7.2,8.8,,,,,1013.2,2.9,,,,1.3,,2025-03-18 09:00:00+00:00,FFIA2
315,150.0,8.8,10.8,,,,,1012.8,2.6,,,,1.2,,2025-03-18 08:00:00+00:00,FFIA2
316,150.0,8.8,10.3,,,,,1012.4,2.6,,,,1.0,,2025-03-18 07:00:00+00:00,FFIA2
317,150.0,9.3,11.8,,,,,1011.9,2.5,,,,1.1,,2025-03-18 06:00:00+00:00,FFIA2
318,150.0,7.7,9.8,,,,,1011.6,2.7,,,,1.0,,2025-03-18 05:00:00+00:00,FFIA2
319,150.0,8.8,10.8,,,,,1011.4,2.1,,,,0.9,,2025-03-18 04:00:00+00:00,FFIA2
320,150.0,9.3,11.3,,,,,1010.8,2.4,,,,0.7,,2025-03-18 03:00:00+00:00,FFIA2
321,150.0,9.8,11.8,,,,,1010.6,1.9,,,,1.0,,2025-03-18 02:00:00+00:00,FFIA2
322,150.0,7.7,10.8,,,,,1010.5,2.0,,,,1.0,,2025-03-18 01:00:00+00:00,FFIA2
323,150.0,9.8,12.4,,,,,1010.1,2.2,,,,0.4,,2025-03-18 00:00:00+00:00,FFIA2
324,150.0,11.3,13.4,,,,,1009.6,2.1,,,,-0.3,,2025-03-17 23:00:00+00:00,FFIA2
325,150.0,10.8,13.9,,,,,1009.5,1.0,,,,0.0,,2025-03-17 22:00:00+00:00,FFIA2
326,140.0,9.8,11.8,,,,,1009.7,0.6,,,,0.8,,2025-03-17 21:00:00+00:00,FFIA2
327,140.0,7.7,8.8,,,,,1009.9,1.6,,,,1.0,,2025-03-17 20:00:00+00:00,FFIA2
328,180.0,7.2,9.3,,,,,1009.6,1.6,,,,0.8,,2025-03-17 19:00:00+00:00,FFIA2
329,130.0,6.7,7.7,,,,,1008.9,1.4,,,,0.0,,2025-03-17 18:00:00+00:00,FFIA2
330,140.0,6.2,7.7,,,,,1008.9,0.7,,,,0.4,,2025-03-17 17:00:00+00:00,FFIA2
331,120.0,3.1,4.1,,,,,1008.8,0.6,,,,0.7,,2025-03-17 16:00:00+00:00,FFIA2
332,90.0,3.1,3.6,,,,,1008.7,0.1,,,,0.8,,2025-03-17 15:00:00+00:00,FFIA2
333,100.0,2.1,2.6,,,,,1008.5,0.1,,,,1.2,,2025-03-17 14:00:00+00:00,FFIA2
334,160.0,3.6,5.1,,,,,1008.1,0.3,,,,1.4,,2025-03-17 13:00:00+00:00,FFIA2
335,40.0,1.0,1.5,,,,,1007.9,0.1,,,,2.1,,2025-03-17 12:00:00+00:00,FFIA2
336,40.0,2.1,2.6,,,,,1007.3,0.0,,,,2.1,,2025-03-17 11:00:00+00:00,FFIA2
337,50.0,2.1,2.6,,,,,1006.7,0.0,,,,1.9,,2025-03-17 10:00:00+00:00,FFIA2
338,360.0,6.2,6.7,,,,,1005.8,0.3,,,,1.8,,2025-03-17 09:00:00+00:00,FFIA2
339,360.0,6.2,7.2,,,,,1005.2,0.4,,,,1.6,,2025-03-17 08:00:00+00:00,FFIA2
340,350.0,6.7,7.2,,,,,1004.8,0.5,,,,2.0,,2025-03-17 07:00:00+00:00,FFIA2
341,360.0,7.7,8.2,,,,,1004.0,0.6,,,,1.7,,2025-03-17 06:00:00+00:00,FFIA2
342,360.0,7.2,7.7,,,,,1003.6,0.7,,,,1.9,,2025-03-17 05:00:00+00:00,FFIA2
343,350.0,7.7,8.2,,,,,1002.8,0.8,,,,1.7,,2025-03-17 04:00:00+00:00,FFIA2
344,360.0,7.7,8.8,,,,,1002.3,0.9,,,,1.6,,2025-03-17 03:00:00+00:00,FFIA2
345,360.0,7.7,8.8,,,,,1001.7,1.0,,,,1.6,,2025-03-17 02:00:00+00:00,FFIA2
346,10.0,8.2,9.3,,,,,1001.1,1.0,,,,1.7,,2025-03-17 01:00:00+00:00,FFIA2
347,360.0,8.2,8.8,,,,,1000.7,0.7,,,,1.5,,2025-03-17 00:00:00+00:00,FFIA2
348,350.0,8.2,9.3,,,,,1000.1,0.6,,,,1.9,,2025-03-16 23:00:00+00:00,FFIA2
349,10.0,8.8,9.3,,,,,999.4,0.3,,,,1.5,,2025-03-16 22:00:00+00:00,FFIA2
350,340.0,8.8,9.8,,,,,999.2,0.0,,,,2.1,,2025-03-16 21:00:00+00:00,FFIA2
351,330.0,10.3,11.3,,,,,998.2,-0.2,,,,1.7,,2025-03-16 20:00:00+00:00,FFIA2
352,340.0,9.8,11.8,,,,,997.9,-0.5,,,,1.8,,2025-03-16 19:00:00+00:00,FFIA2
353,350.0,10.3,12.4,,,,,997.1,-0.5,,,,1.3,,2025-03-16 18:00:00+00:00,FFIA2
354,340.0,10.3,12.4,,,,,996.5,-0.6,,,,1.0,,2025-03-16 17:00:00+00:00,FFIA2
355,340.0,11.8,12.9,,,,,996.1,-0.7,,,,0.6,,2025-03-16 16:00:00+00:00,FFIA2
356,340.0,11.3,11.8,,,,,995.8,-0.5,,,,0.5,,2025-03-16 15:00:00+00:00,FFIA2
357,340.0,10.3,11.3,,,,,995.5,-0.3,,,,0.5,,2025-03-16 14:00:00+00:00,FFIA2
358,340.0,9.8,12.4,,,,,995.5,-0.2,,,,0.5,,2025-03-16 13:00:00+00:00,FFIA2
359,340.0,10.3,12.9,,,,,995.3,-0.2,,,,-0.0,,2025-03-16 12:00:00+00:00,FFIA2
360,340.0,11.3,12.4,,,,,995.0,-0.2,,,,0.0,,2025-03-16 11:00:00+00:00,FFIA2
361,340.0,10.3,11.3,,,,,995.0,-0.1,,,,0.0,,2025-03-16 10:00:00+00:00,FFIA2
362,340.0,11.3,12.4,,,,,995.1,-0.1,,,,0.3,,2025-03-16 09:00:00+00:00,FFIA2
363,350.0,10.3,11.8,,,,,995.1,-0.1,,,,0.5,,2025-03-16 08:00:00+00:00,FFIA2
364,340.0,12.4,13.4,,,,,995.0,0.2,,,,0.4,,2025-03-16 07:00:00+00:00,FFIA2
365,340.0,12.4,13.4,,,,,994.8,0.4,,,,0.0,,2025-03-16 06:00:00+00:00,FFIA2
366,340.0,11.3,12.4,,,,,994.6,0.8,,,,0.0,,2025-03-16 05:00:00+00:00,FFIA2
367,350.0,11.8,13.4,,,,,994.6,1.0,,,,-0.3,,2025-03-16 04:00:00+00:00,FFIA2
368,350.0,11.3,13.9,,,,,994.6,1.3,,,,-0.5,,2025-03-16 03:00:00+00:00,FFIA2
369,350.0,10.8,12.4,,,,,994.7,1.5,,,,-0.5,,2025-03-16 02:00:00+00:00,FFIA2
370,340.0,11.8,13.4,,,,,994.9,1.5,,,,-0.7,,2025-03-16 01:00:00+00:00,FFIA2
371,350.0,11.3,12.9,,,,,995.1,1.2,,,,-0.6,,2025-03-16 00:00:00+00:00,FFIA2
372,340.0,12.4,13.4,,,,,995.2,1.0,,,,-0.7,,2025-03-15 23:00:00+00:00,FFIA2
373,350.0,11.3,12.9,,,,,995.6,0.7,,,,-0.6,,2025-03-15 22:00:00+00:00,FFIA2
374,340.0,12.4,13.9,,,,,995.7,0.3,,,,-0.6,,2025-03-15 21:00:00+00:00,FFIA2
375,350.0,12.4,13.9,,,,,995.9,0.0,,,,-0.8,,2025-03-15 20:00:00+00:00,FFIA2
376,350.0,11.8,13.4,,,,,996.2,-0.1,,,,-0.3,,2025-03-15 19:00:00+00:00,FFIA2
377,350.0,12.9,14.9,,,,,996.3,-0.2,,,,-0.5,,2025-03-15 18:00:00+00:00,FFIA2
378,360.0,12.4,14.4,,,,,996.7,-0.2,,,,-0.6,,2025-03-15 17:00:00+00:00,FFIA2
379,350.0,13.4,14.9,,,,,996.5,-0.4,,,,-1.1,,2025-03-15 16:00:00+00:00,FFIA2
380,350.0,13.4,14.9,,,,,996.8,-0.2,,,,-1.1,,2025-03-15 15:00:00+00:00,FFIA2
381,360.0,12.9,13.4,,,,,997.3,-0.1,,,,-1.1,,2025-03-15 14:00:00+00:00,FFIA2
382,360.0,12.4,12.9,,,,,997.6,0.1,,,,-1.2,,2025-03-15 13:00:00+00:00,FFIA2
383,350.0,11.8,12.9,,,,,997.9,0.2,,,,-1.3,,2025-03-15 12:00:00+00:00,FFIA2
384,350.0,10.3,10.8,,,,,998.4,0.4,,,,-0.8,,2025-03-15 11:00:00+00:00,FFIA2
385,350.0,10.3,11.3,,,,,998.8,0.4,,,,-0.6,,2025-03-15 10:00:00+00:00,FFIA2
386,350.0,9.3,10.3,,,,,999.2,0.7,,,,0.0,,2025-03-15 09:00:00+00:00,FFIA2
387,340.0,10.3,11.8,,,,,999.2,0.6,,,,0.0,,2025-03-15 08:00:00+00:00,FFIA2
388,340.0,9.3,10.8,,,,,999.4,0.9,,,,0.4,,2025-03-15 07:00:00+00:00,FFIA2
389,360.0,10.8,11.8,,,,,999.2,1.1,,,,0.0,,2025-03-15 06:00:00+00:00,FFIA2
390,350.0,11.3,12.9,,,,,999.1,1.2,,,,-0.3,,2025-03-15 05:00:00+00:00,FFIA2
391,350.0,12.4,13.9,,,,,999.0,1.4,,,,-0.5,,2025-03-15 04:00:00+00:00,FFIA2
392,350.0,11.8,12.9,,,,,999.2,1.4,,,,-0.5,,2025-03-15 03:00:00+00:00,FFIA2
393,350.0,11.8,12.9,,,,,999.4,1.6,,,,-0.8,,2025-03-15 02:00:00+00:00,FFIA2
394,350.0,10.8,11.3,,,,,999.5,1.7,,,,-1.1,,2025-03-15 01:00:00+00:00,FFIA2
395,360.0,11.3,11.8,,,,,999.7,1.5,,,,-0.9,,2025-03-15 00:00:00+00:00,FFIA2
396,350.0,10.8,10.8,,,,,1000.2,1.3,,,,-0.4,,2025-03-14 23:00:00+00:00,FFIA2
397,350.0,8.8,9.8,,,,,1000.6,1.3,,,,0.0,,2025-03-14 22:00:00+00:00,FFIA2
398,350.0,10.3,10.8,,,,,1000.6,0.8,,,,0.0,,2025-03-14 21:00:00+00:00,FFIA2
399,360.0,9.8,10.8,,,,,1000.6,0.9,,,,0.0,,2025-03-14 20:00:00+00:00,FFIA2
400,360.0,9.8,11.3,,,,,1000.6,0.8,,,,0.0,,2025-03-14 19:00:00+00:00,FFIA2
401,360.0,9.8,10.8,,,,,1000.5,0.7,,,,0.4,,2025-03-14 18:00:00+00:00,FFIA2
402,10.0,9.8,10.8,,,,,1000.4,0.7,,,,0.5,,2025-03-14 17:00:00+00:00,FFIA2
403,20.0,7.2,7.7,,,,,1000.4,0.7,,,,0.7,,2025-03-14 16:00:00+00:00,FFIA2
404,360.0,8.8,9.8,,,,,1000.1,0.9,,,,0.4,,2025-03-14 15:00:00+00:00,FFIA2
405,10.0,8.2,9.3,,,,,999.9,1.0,,,,0.4,,2025-03-14 14:00:00+00:00,FFIA2
406,360.0,9.8,10.3,,,,,999.7,1.0,,,,0.3,,2025-03-14 13:00:00+00:00,FFIA2
407,360.0,8.8,9.8,,,,,999.7,1.1,,,,0.8,,2025-03-14 12:00:00+00:00,FFIA2
408,360.0,9.3,9.8,,,,,999.5,1.1,,,,0.8,,2025-03-14 11:00:00+00:00,FFIA2
409,350.0,8.8,9.8,,,,,999.4,1.3,,,,0.9,,2025-03-14 10:00:00+00:00,FFIA2
410,350.0,8.8,9.8,,,,,998.9,1.4,,,,0.9,,2025-03-14 09:00:00+00:00,FFIA2
411,350.0,8.8,9.8,,,,,998.7,1.5,,,,0.8,,2025-03-14 08:00:00+00:00,FFIA2
412,350.0,9.3,10.3,,,,,998.5,1.7,,,,1.0,,2025-03-14 07:00:00+00:00,FFIA2
413,350.0,10.3,10.8,,,,,998.0,1.9,,,,0.7,,2025-03-14 06:00:00+00:00,FFIA2
414,350.0,9.3,10.3,,,,,997.9,2.1,,,,0.8,,2025-03-14 05:00:00+00:00,FFIA2
415,360.0,10.3,11.3,,,,,997.5,2.5,,,,0.3,,2025-03-14 04:00:00+00:00,FFIA2
416,10.0,10.8,11.3,,,,,997.3,2.6,,,,0.0,,2025-03-14 03:00:00+00:00,FFIA2
417,360.0,10.3,10.8,,,,,997.1,2.7,,,,-0.3,,2025-03-14 02:00:00+00:00,FFIA2
418,10.0,9.8,10.3,,,,,997.2,2.8,,,,-0.6,,2025-03-14 01:00:00+00:00,FFIA2
419,360.0,8.8,9.3,,,,,997.3,2.7,,,,-0.7,,2025-03-14 00:00:00+00:00,FFIA2
420,360.0,8.2,8.8,,,,,997.4,2.5,,,,-0.7,,2025-03-13 23:00:00+00:00,FFIA2
421,360.0,8.2,8.8,,,,,997.8,2.3,,,,-0.3,,2025-03-13 22:00:00+00:00,FFIA2
422,360.0,6.7,7.2,,,,,998.0,2.1,,,,0.0,,2025-03-13 21:00:00+00:00,FFIA2
423,60.0,1.5,2.1,,,,,998.1,1.6,,,,0.3,,2025-03-13 20:00:00+00:00,FFIA2
424,40.0,1.0,1.5,,,,,998.1,1.5,,,,0.5,,2025-03-13 19:00:00+00:00,FFIA2
425,50.0,2.1,2.6,,,,,997.9,1.4,,,,0.3,,2025-03-13 18:00:00+00:00,FFIA2
426,40.0,2.6,3.6,,,,,997.8,1.4,,,,0.0,,2025-03-13 17:00:00+00:00,FFIA2
427,50.0,2.1,2.6,,,,,997.6,1.5,,,,0.0,,2025-03-13 16:00:00+00:00,FFIA2
428,50.0,1.0,1.5,,,,,997.6,1.1,,,,0.0,,2025-03-13 15:00:00+00:00,FFIA2
429,40.0,1.5,2.6,,,,,997.7,1.1,,,,0.0,,2025-03-13 14:00:00+00:00,FFIA2
430,50.0,2.1,2.6,,,,,997.7,1.3,,,,-0.4,,2025-03-13 13:00:00+00:00,FFIA2
431,70.0,3.1,3.6,,,,,997.7,1.3,,,,-0.4,,2025-03-13 12:00:00+00:00,FFIA2
432,50.0,3.1,3.1,,,,,997.8,1.3,,,,0.0,,2025-03-13 11:00:00+00:00,FFIA2
433,40.0,3.1,3.6,,,,,998.1,1.7,,,,0.0,,2025-03-13 10:00:00+00:00,FFIA2
434,10.0,3.1,3.6,,,,,998.1,2.0,,,,0.0,,2025-03-13 09:00:00+00:00,FFIA2
435,340.0,7.2,8.2,,,,,998.0,2.5,,,,0.3,,2025-03-13 08:00:00+00:00,FFIA2
436,350.0,7.7,8.8,,,,,997.9,2.6,,,,0.3,,2025-03-13 07:00:00+00:00,FFIA2
437,340.0,7.7,8.8,,,,,997.9,2.8,,,,0.3,,2025-03-13 06:00:00+00:00,FFIA2
438,340.0,8.2,9.3,,,,,997.7,2.8,,,,0.0,,2025-03-13 05:00:00+00:00,FFIA2
439,350.0,9.3,11.3,,,,,997.6,2.9,,,,-0.0,,2025-03-13 04:00:00+00:00,FFIA2
440,340.0,8.8,10.3,,,,,997.6,3.2,,,,-0.5,,2025-03-13 03:00:00+00:00,FFIA2
441,350.0,9.8,10.8,,,,,997.5,3.5,,,,-0.9,,2025-03-13 02:00:00+00:00,FFIA2
442,350.0,9.3,11.3,,,,,997.8,3.4,,,,-0.6,,2025-03-13 01:00:00+00:00,FFIA2
443,350.0,9.3,10.3,,,,,998.1,3.4,,,,-0.4,,2025-03-13 00:00:00+00:00,FFIA2
444,340.0,8.8,10.3,,,,,998.4,3.2,,,,-0.3,,2025-03-12 23:00:00+00:00,FFIA2
445,350.0,9.8,10.3,,,,,998.4,3.0,,,,-0.5,,2025-03-12 22:00:00+00:00,FFIA2
446,350.0,9.8,10.3,,,,,998.5,2.9,,,,0.0,,2025-03-12 21:00:00+00:00,FFIA2
447,360.0,9.8,10.8,,,,,998.7,2.8,,,,-0.4,,2025-03-12 20:00:00+00:00,FFIA2
448,10.0,9.3,10.3,,,,,998.9,2.5,,,,-0.5,,2025-03-12 19:00:00+00:00,FFIA2
449,10.0,8.8,9.3,,,,,998.6,2.3,,,,-0.8,,2025-03-12 18:00:00+00:00,FFIA2
450,40.0,4.1,4.6,,,,,999.1,1.9,,,,-0.7,,2025-03-12 17:00:00+00:00,FFIA2
451,20.0,5.1,5.7,,,,,999.4,1.9,,,,-0.5,,2025-03-12 16:00:00+00:00,FFIA2
452,30.0,5.1,5.7,,,,,999.4,1.8,,,,-1.1,,2025-03-12 15:00:00+00:00,FFIA2
453,50.0,3.6,3.6,,,,,999.8,2.1,,,,-0.8,,2025-03-12 14:00:00+00:00,FFIA2
454,30.0,3.6,4.1,,,,,999.9,2.0,,,,-0.9,,2025-03-12 13:00:00+00:00,FFIA2
455,50.0,3.1,3.6,,,,,1000.5,1.8,,,,-0.6,,2025-03-12 12:00:00+00:00,FFIA2
456,30.0,2.6,2.6,,,,,1000.6,1.6,,,,-0.6,,2025-03-12 11:00:00+00:00,FFIA2
457,80.0,5.1,5.7,,,,,1000.8,1.8,,,,-0.4,,2025-03-12 10:00:00+00:00,FFIA2
458,50.0,5.7,6.2,,,,,1001.1,2.2,,,,-0.3,,2025-03-12 09:00:00+00:00,FFIA2
459,80.0,4.6,5.1,,,,,1001.2,2.2,,,,0.0,,2025-03-12 08:00:00+00:00,FFIA2
460,70.0,4.6,5.1,,,,,1001.2,2.4,,,,0.0,,2025-03-12 07:00:00+00:00,FFIA2
461,110.0,1.5,2.1,,,,,1001.4,3.1,,,,0.0,,2025-03-12 06:00:00+00:00,FFIA2
462,80.0,2.6,3.1,,,,,1001.3,2.9,,,,0.0,,2025-03-12 05:00:00+00:00,FFIA2
463,140.0,5.1,5.7,,,,,1001.2,2.9,,,,0.4,,2025-03-12 04:00:00+00:00,FFIA2
464,110.0,3.6,4.1,,,,,1001.3,2.2,,,,0.8,,2025-03-12 03:00:00+00:00,FFIA2
465,160.0,4.1,6.2,,,,,1001.1,1.8,,,,0.7,,2025-03-12 02:00:00+00:00,FFIA2
466,210.0,4.1,4.1,,,,,1000.8,1.7,,,,0.4,,2025-03-12 01:00:00+00:00,FFIA2
467,200.0,5.7,6.2,,,,,1000.5,2.5,,,,0.0,,2025-03-12 00:00:00+00:00,FFIA2
468,200.0,5.1,5.1,,,,,1000.4,2.2,,,,0.0,,2025-03-11 23:00:00+00:00,FFIA2
469,180.0,6.2,6.7,,,,,1000.4,3.4,,,,0.3,,2025-03-11 22:00:00+00:00,FFIA2
470,160.0,3.1,4.6,,,,,1000.5,3.5,,,,0.8,,2025-03-11 21:00:00+00:00,FFIA2
471,170.0,4.1,5.1,,,,,1000.4,2.8,,,,1.1,,2025-03-11 20:00:00+00:00,FFIA2
472,150.0,5.1,6.2,,,,,1000.1,1.6,,,,1.5,,2025-03-11 19:00:00+00:00,FFIA2
473,120.0,5.1,6.2,,,,,999.7,2.4,,,,1.6,,2025-03-11 18:00:00+00:00,FFIA2
474,130.0,5.1,6.2,,,,,999.3,1.6,,,,1.2,,2025-03-11 17:00:00+00:00,FFIA2
475,160.0,6.7,10.8,,,,,998.6,2.4,,,,0.7,,2025-03-11 16:00:00+00:00,FFIA2
476,150.0,9.3,10.8,,,,,998.1,2.4,,,,0.4,,2025-03-11 15:00:00+00:00,FFIA2
477,150.0,7.2,9.3,,,,,998.1,2.3,,,,0.0,,2025-03-11 14:00:00+00:00,FFIA2
478,140.0,8.2,9.8,,,,,997.9,2.5,,,,0.0,,2025-03-11 13:00:00+00:00,FFIA2
479,140.0,9.8,10.8,,,,,997.7,2.6,,,,0.4,,2025-03-11 12:00:00+00:00,FFIA2
480,170.0,5.7,8.2,,,,,997.9,3.0,,,,1.4,,2025-03-11 11:00:00+00:00,FFIA2
481,160.0,5.7,8.2,,,,,997.7,2.9,,,,1.6,,2025-03-11 10:00:00+00:00,FFIA2
482,160.0,5.7,8.2,,,,,997.3,2.9,,,,1.3,,2025-03-11 09:00:00+00:00,FFIA2
483,180.0,9.8,11.3,,,,,996.5,3.0,,,,1.0,,2025-03-11 08:00:00+00:00,FFIA2
484,180.0,9.8,11.8,,,,,996.1,3.0,,,,0.8,,2025-03-11 07:00:00+00:00,FFIA2
485,150.0,7.7,9.8,,,,,996.0,2.9,,,,0.9,,2025-03-11 06:00:00+00:00,FFIA2
486,150.0,7.2,9.3,,,,,995.5,3.0,,,,0.6,,2025-03-11 05:00:00+00:00,FFIA2
487,150.0,6.7,8.8,,,,,995.3,2.8,,,,0.5,,2025-03-11 04:00:00+00:00,FFIA2
488,150.0,5.7,7.7,,,,,995.1,2.7,,,,0.3,,2025-03-11 03:00:00+00:00,FFIA2
489,150.0,7.7,8.8,,,,,994.9,3.1,,,,0.5,,2025-03-11 02:00:00+00:00,FFIA2
490,150.0,7.7,8.8,,,,,994.8,4.1,,,,0.0,,2025-03-11 01:00:00+00:00,FFIA2
491,150.0,7.7,9.3,,,,,994.8,3.9,,,,0.6,,2025-03-11 00:00:00+00:00,FFIA2
492,150.0,9.8,11.8,,,,,994.4,3.2,,,,0.0,,2025-03-10 23:00:00+00:00,FFIA2
493,150.0,8.8,11.3,,,,,994.6,2.9,,,,-0.0,,2025-03-10 22:00:00+00:00,FFIA2
494,150.0,11.8,13.4,,,,,994.2,3.6,,,,-0.4,,2025-03-10 21:00:00+00:00,FFIA2
495,150.0,9.8,12.4,,,,,994.3,4.3,,,,-0.6,,2025-03-10 20:00:00+00:00,FFIA2
496,140.0,8.8,11.3,,,,,994.4,4.4,,,,-1.0,,2025-03-10 19:00:00+00:00,FFIA2
497,130.0,9.3,12.4,,,,,994.6,4.3,,,,-1.2,,2025-03-10 18:00:00+00:00,FFIA2
498,130.0,9.8,12.9,,,,,994.9,4.6,,,,-1.4,,2025-03-10 17:00:00+00:00,FFIA2
499,140.0,9.8,12.9,,,,,995.4,4.5,,,,-1.7,,2025-03-10 16:00:00+00:00,FFIA2
500,130.0,10.8,12.9,,,,,995.8,4.6,,,,-2.3,,2025-03-10 15:00:00+00:00,FFIA2
501,140.0,11.3,12.9,,,,,996.3,4.4,,,,-3.5,,2025-03-10 14:00:00+00:00,FFIA2
502,130.0,12.4,15.4,,,,,997.1,4.1,,,,-3.4,,2025-03-10 13:00:00+00:00,FFIA2
503,140.0,12.9,14.9,,,,,998.1,4.5,,,,-2.9,,2025-03-10 12:00:00+00:00,FFIA2
504,140.0,8.8,10.3,,,,,999.8,5.0,,,,-2.1,,2025-03-10 11:00:00+00:00,FFIA2
505,130.0,10.3,11.3,,,,,1000.5,4.7,,,,-1.6,,2025-03-10 10:00:00+00:00,FFIA2
506,140.0,10.8,12.4,,,,,1001.0,4.6,,,,-1.5,,2025-03-10 09:00:00+00:00,FFIA2
507,140.0,7.2,8.8,,,,,1001.9,4.5,,,,-0.5,,2025-03-10 08:00:00+00:00,FFIA2
508,140.0,11.3,12.4,,,,,1002.1,4.0,,,,0.0,,2025-03-10 07:00:00+00:00,FFIA2
509,150.0,9.8,11.8,,,,,1002.5,4.0,,,,0.9,,2025-03-10 06:00:00+00:00,FFIA2
510,150.0,9.3,11.8,,,,,1002.4,3.6,,,,0.4,,2025-03-10 05:00:00+00:00,FFIA2
511,150.0,10.8,12.9,,,,,1002.0,3.7,,,,-0.0,,2025-03-10 04:00:00+00:00,FFIA2
512,150.0,12.4,14.4,,,,,1001.6,4.3,,,,-0.7,,2025-03-10 03:00:00+00:00,FFIA2
513,150.0,10.3,12.9,,,,,1002.0,4.4,,,,-0.5,,2025-03-10 02:00:00+00:00,FFIA2
514,150.0,10.8,13.4,,,,,1002.1,3.9,,,,-0.7,,2025-03-10 01:00:00+00:00,FFIA2
515,140.0,10.8,11.8,,,,,1002.3,4.1,,,,-0.6,,2025-03-10 00:00:00+00:00,FFIA2
516,140.0,10.8,12.9,,,,,1002.5,4.1,,,,-0.7,,2025-03-09 23:00:00+00:00,FFIA2
517,140.0,11.3,12.9,,,,,1002.8,4.4,,,,0.0,,2025-03-09 22:00:00+00:00,FFIA2
518,140.0,11.3,13.9,,,,,1002.9,4.9,,,,0.0,,2025-03-09 21:00:00+00:00,FFIA2
519,140.0,10.8,12.4,,,,,1003.2,4.2,,,,0.3,,2025-03-09 20:00:00+00:00,FFIA2
520,140.0,12.9,14.9,,,,,1002.9,4.4,,,,-0.4,,2025-03-09 19:00:00+00:00,FFIA2
521,140.0,13.4,14.9,,,,,1002.7,5.4,,,,-1.2,,2025-03-09 18:00:00+00:00,FFIA2
522,140.0,11.8,12.9,,,,,1002.9,5.3,,,,-1.3,,2025-03-09 17:00:00+00:00,FFIA2
523,140.0,8.8,9.8,,,,,1003.3,5.3,,,,-1.6,,2025-03-09 16:00:00+00:00,FFIA2
524,140.0,8.8,9.8,,,,,1003.9,5.4,,,,-1.4,,2025-03-09 15:00:00+00:00,FFIA2
525,130.0,8.8,9.3,,,,,1004.2,5.0,,,,-1.3,,2025-03-09 14:00:00+00:00,FFIA2
526,130.0,6.7,7.7,,,,,1004.9,4.8,,,,-0.4,,2025-03-09 13:00:00+00:00,FFIA2
527,130.0,6.2,6.7,,,,,1005.3,4.6,,,,0.0,,2025-03-09 12:00:00+00:00,FFIA2
528,140.0,7.2,8.2,,,,,1005.5,4.9,,,,0.0,,2025-03-09 11:00:00+00:00,FFIA2
529,150.0,7.7,9.8,,,,,1005.3,5.1,,,,0.0,,2025-03-09 10:00:00+00:00,FFIA2
530,140.0,7.7,9.3,,,,,1005.3,5.0,,,,0.8,,2025-03-09 09:00:00+00:00,FFIA2
531,140.0,6.2,7.7,,,,,1005.3,5.0,,,,0.9,,2025-03-09 08:00:00+00:00,FFIA2
532,140.0,8.2,8.8,,,,,1005.1,4.9,,,,0.9,,2025-03-09 07:00:00+00:00,FFIA2
533,140.0,9.3,10.8,,,,,1004.5,4.9,,,,0.7,,2025-03-09 06:00:00+00:00,FFIA2
534,140.0,8.2,10.3,,,,,1004.4,4.6,,,,0.8,,2025-03-09 05:00:00+00:00,FFIA2
535,140.0,5.7,6.7,,,,,1004.2,5.1,,,,0.8,,2025-03-09 04:00:00+00:00,FFIA2
536,140.0,7.7,9.8,,,,,1003.8,5.0,,,,0.6,,2025-03-09 03:00:00+00:00,FFIA2
537,140.0,7.7,8.2,,,,,1003.6,4.9,,,,0.8,,2025-03-09 02:00:00+00:00,FFIA2
538,150.0,8.8,9.8,,,,,1003.4,4.8,,,,0.5,,2025-03-09 01:00:00+00:00,FFIA2
539,160.0,5.1,7.2,,,,,1003.2,4.9,,,,0.7,,2025-03-09 00:00:00+00:00,FFIA2
540,150.0,6.7,8.2,,,,,1002.8,4.3,,,,0.5,,2025-03-08 23:00:00+00:00,FFIA2
541,160.0,5.1,7.2,,,,,1002.9,3.7,,,,0.7,,2025-03-08 22:00:00+00:00,FFIA2
542,130.0,8.2,9.3,,,,,1002.5,5.3,,,,0.3,,2025-03-08 21:00:00+00:00,FFIA2
543,150.0,3.6,4.6,,,,,1002.3,5.6,,,,0.3,,2025-03-08 20:00:00+00:00,FFIA2
544,140.0,6.7,7.7,,,,,1002.2,5.3,,,,0.0,,2025-03-08 19:00:00+00:00,FFIA2
545,140.0,6.7,7.7,,,,,1002.2,5.8,,,,0.5,,2025-03-08 18:00:00+00:00,FFIA2
546,130.0,5.1,5.7,,,,,1002.0,5.9,,,,0.0,,2025-03-08 17:00:00+00:00,FFIA2
547,140.0,5.1,7.2,,,,,1002.0,5.8,,,,-0.0,,2025-03-08 16:00:00+00:00,FFIA2
548,130.0,7.2,9.3,,,,,1001.7,5.9,,,,-0.5,,2025-03-08 15:00:00+00:00,FFIA2
549,130.0,5.1,5.7,,,,,1001.9,5.8,,,,-0.9,,2025-03-08 14:00:00+00:00,FFIA2
550,60.0,6.2,6.7,,,,,1001.8,4.6,,,,-1.3,,2025-03-08 13:00:00+00:00,FFIA2
551,120.0,5.1,5.7,,,,,1002.2,5.3,,,,-1.3,,2025-03-08 12:00:00+00:00,FFIA2
552,90.0,2.6,3.6,,,,,1002.8,4.8,,,,-1.2,,2025-03-08 11:00:00+00:00,FFIA2
553,140.0,4.6,5.7,,,,,1003.1,5.5,,,,-1.1,,2025-03-08 10:00:00+00:00,FFIA2
554,140.0,6.7,7.2,,,,,1003.5,5.3,,,,0.0,,2025-03-08 09:00:00+00:00,FFIA2
555,130.0,7.2,9.3,,,,,1004.0,5.4,,,,-0.0,,2025-03-08 08:00:00+00:00,FFIA2
556,120.0,4.6,5.1,,,,,1004.2,5.3,,,,0.5,,2025-03-08 07:00:00+00:00,FFIA2
557,140.0,12.4,13.9,,,,,1003.5,4.6,,,,0.9,,2025-03-08 06:00:00+00:00,FFIA2
558,140.0,7.7,8.8,,,,,1003.8,4.7,,,,1.9,,2025-03-08 05:00:00+00:00,FFIA2
559,150.0,9.3,10.8,,,,,1003.7,4.5,,,,2.8,,2025-03-08 04:00:00+00:00,FFIA2
560,150.0,10.3,11.8,,,,,1002.6,4.6,,,,4.2,,2025-03-08 03:00:00+00:00,FFIA2
561,150.0,9.3,12.9,,,,,1001.9,4.6,,,,6.7,,2025-03-08 02:00:00+00:00,FFIA2
562,170.0,7.7,10.8,,,,,1000.9,4.8,,,,9.1,,2025-03-08 01:00:00+00:00,FFIA2
563,180.0,12.9,14.4,,,,,998.4,5.0,,,,9.8,,2025-03-08 00:00:00+00:00,FFIA2
564,190.0,15.4,17.0,,,,,995.2,5.1,,,,6.6,,2025-03-07 23:00:00+00:00,FFIA2
565,160.0,11.3,16.5,,,,,991.8,5.3,,,,3.2,,2025-03-07 22:00:00+00:00,FFIA2
566,150.0,15.4,17.5,,,,,988.6,7.2,,,,-1.2,,2025-03-07 21:00:00+00:00,FFIA2
567,140.0,13.9,15.4,,,,,988.6,7.2,,,,-2.4,,2025-03-07 20:00:00+00:00,FFIA2
568,140.0,16.0,19.0,,,,,988.6,7.6,,,,-3.2,,2025-03-07 19:00:00+00:00,FFIA2
569,130.0,11.3,12.9,,,,,989.8,7.9,,,,-2.6,,2025-03-07 18:00:00+00:00,FFIA2
570,120.0,9.8,10.8,,,,,991.0,7.0,,,,-2.4,,2025-03-07 17:00:00+00:00,FFIA2
571,140.0,9.3,11.3,,,,,991.8,7.2,,,,-2.8,,2025-03-07 16:00:00+00:00,FFIA2
572,130.0,10.8,13.9,,,,,992.4,7.2,,,,-3.4,,2025-03-07 15:00:00+00:00,FFIA2
573,140.0,11.8,14.9,,,,,993.4,6.7,,,,-4.0,,2025-03-07 14:00:00+00:00,FFIA2
574,140.0,10.3,12.4,,,,,994.6,6.5,,,,-4.3,,2025-03-07 13:00:00+00:00,FFIA2
575,140.0,10.8,12.4,,,,,995.8,6.5,,,,-4.6,,2025-03-07 12:00:00+00:00,FFIA2
576,140.0,9.3,10.3,,,,,997.4,6.0,,,,-4.3,,2025-03-07 11:00:00+00:00,FFIA2
577,140.0,5.7,7.2,,,,,998.9,6.0,,,,-4.3,,2025-03-07 10:00:00+00:00,FFIA2
578,70.0,3.6,4.1,,,,,1000.4,4.6,,,,-4.3,,2025-03-07 09:00:00+00:00,FFIA2
579,60.0,5.7,6.2,,,,,1001.7,4.0,,,,-3.5,,2025-03-07 08:00:00+00:00,FFIA2
580,50.0,4.1,4.1,,,,,1003.2,4.1,,,,-2.9,,2025-03-07 07:00:00+00:00,FFIA2
581,160.0,3.1,4.1,,,,,1004.7,4.4,,,,-2.4,,2025-03-07 06:00:00+00:00,FFIA2
582,,0.0,1.5,,,,,1005.2,5.1,,,,-2.3,,2025-03-07 05:00:00+00:00,FFIA2
583,150.0,6.2,7.2,,,,,1006.1,5.5,,,,-2.0,,2025-03-07 04:00:00+00:00,FFIA2
584,160.0,5.1,7.7,,,,,1007.1,5.7,,,,-1.2,,2025-03-07 03:00:00+00:00,FFIA2
585,150.0,4.6,5.7,,,,,1007.5,6.2,,,,-1.7,,2025-03-07 02:00:00+00:00,FFIA2
586,140.0,5.7,6.2,,,,,1008.1,6.3,,,,-1.3,,2025-03-07 01:00:00+00:00,FFIA2
587,150.0,6.2,7.2,,,,,1008.3,6.2,,,,-1.3,,2025-03-07 00:00:00+00:00,FFIA2
588,160.0,4.6,7.2,,,,,1009.2,6.3,,,,-0.5,,2025-03-06 23:00:00+00:00,FFIA2
589,160.0,4.6,6.7,,,,,1009.4,6.1,,,,0.0,,2025-03-06 22:00:00+00:00,FFIA2
590,150.0,8.2,9.8,,,,,1009.6,5.4,,,,0.6,,2025-03-06 21:00:00+00:00,FFIA2
591,160.0,6.7,9.3,,,,,1009.7,5.2,,,,1.1,,2025-03-06 20:00:00+00:00,FFIA2
592,150.0,8.8,10.3,,,,,1009.4,5.1,,,,1.4,,2025-03-06 19:00:00+00:00,FFIA2
593,150.0,8.2,11.3,,,,,1009.0,4.8,,,,1.0,,2025-03-06 18:00:00+00:00,FFIA2
594,150.0,10.3,12.4,,,,,1008.6,4.8,,,,0.3,,2025-03-06 17:00:00+00:00,FFIA2
595,150.0,11.3,14.4,,,,,1008.0,4.6,,,,-0.3,,2025-03-06 16:00:00+00:00,FFIA2
596,150.0,11.3,13.9,,,,,1008.0,4.9,,,,-0.8,,2025-03-06 15:00:00+00:00,FFIA2
597,150.0,10.8,14.4,,,,,1008.3,5.3,,,,-1.2,,2025-03-06 14:00:00+00:00,FFIA2
598,150.0,13.4,16.0,,,,,1008.3,5.8,,,,-1.7,,2025-03-06 13:00:00+00:00,FFIA2
599,150.0,13.4,16.5,,,,,1008.8,6.1,,,,-1.8,,2025-03-06 12:00:00+00:00,FFIA2
600,150.0,10.3,14.9,,,,,1009.5,6.9,,,,-0.9,,2025-03-06 11:00:00+00:00,FFIA2
601,150.0,10.8,13.9,,,,,1010.0,6.2,,,,-1.7,,2025-03-06 10:00:00+00:00,FFIA2
602,150.0,11.3,12.9,,,,,1010.6,6.2,,,,-1.4,,2025-03-06 09:00:00+00:00,FFIA2
603,150.0,12.4,14.4,,,,,1010.4,6.8,,,,-2.0,,2025-03-06 08:00:00+00:00,FFIA2
604,150.0,10.8,12.4,,,,,1011.7,6.5,,,,-1.1,,2025-03-06 07:00:00+00:00,FFIA2
605,150.0,10.8,12.9,,,,,1012.0,6.5,,,,-1.1,,2025-03-06 06:00:00+00:00,FFIA2
606,150.0,9.8,11.3,,,,,1012.4,6.6,,,,-1.0,,2025-03-06 05:00:00+00:00,FFIA2
607,150.0,9.8,10.8,,,,,1012.8,6.7,,,,-0.8,,2025-03-06 04:00:00+00:00,FFIA2
608,150.0,9.8,11.3,,,,,1013.1,6.6,,,,0.3,,2025-03-06 03:00:00+00:00,FFIA2
609,150.0,6.7,8.2,,,,,1013.4,6.4,,,,0.4,,2025-03-06 02:00:00+00:00,FFIA2
610,150.0,7.2,8.8,,,,,1013.6,5.4,,,,0.6,,2025-03-06 01:00:00+00:00,FFIA2
611,150.0,10.8,11.8,,,,,1012.8,6.1,,,,-0.5,,2025-03-06 00:00:00+00:00,FFIA2
612,150.0,8.2,10.3,,,,,1013.0,6.1,,,,0.0,,2025-03-05 23:00:00+00:00,FFIA2
613,60.0,4.1,5.1,,,,,1013.0,5.4,,,,0.4,,2025-03-05 22:00:00+00:00,FFIA2
614,200.0,3.6,5.1,,,,,1013.3,5.0,,,,0.8,,2025-03-05 21:00:00+00:00,FFIA2
615,30.0,0.5,1.0,,,,,1013.2,4.1,,,,0.6,,2025-03-05 20:00:00+00:00,FFIA2
616,40.0,2.6,3.1,,,,,1012.6,3.5,,,,0.0,,2025-03-05 19:00:00+00:00,FFIA2
617,30.0,1.5,2.6,,,,,1012.5,3.9,,,,0.0,,2025-03-05 18:00:00+00:00,FFIA2
618,40.0,3.6,3.6,,,,,1012.6,3.3,,,,0.0,,2025-03-05 17:00:00+00:00,FFIA2
619,20.0,2.6,2.6,,,,,1012.5,3.2,,,,0.0,,2025-03-05 16:00:00+00:00,FFIA2
620,30.0,2.1,2.6,,,,,1012.6,3.3,,,,0.0,,2025-03-05 15:00:00+00:00,FFIA2
621,60.0,2.1,2.6,,,,,1012.5,3.5,,,,0.4,,2025-03-05 14:00:00+00:00,FFIA2
622,50.0,1.5,1.5,,,,,1012.4,3.2,,,,0.6,,2025-03-05 13:00:00+00:00,FFIA2
623,30.0,1.0,1.0,,,,,1012.4,3.4,,,,1.0,,2025-03-05 12:00:00+00:00,FFIA2
624,50.0,0.5,1.0,,,,,1012.1,3.4,,,,0.9,,2025-03-05 11:00:00+00:00,FFIA2
625,,0.0,0.5,,,,,1011.8,3.4,,,,0.8,,2025-03-05 10:00:00+00:00,FFIA2
626,,0.0,0.0,,,,,1011.4,3.5,,,,0.7,,2025-03-05 09:00:00+00:00,FFIA2
627,,0.0,0.0,,,,,1011.2,3.7,,,,0.9,,2025-03-05 08:00:00+00:00,FFIA2
628,80.0,2.1,2.1,,,,,1011.0,3.2,,,,0.7,,2025-03-05 07:00:00+00:00,FFIA2
629,40.0,1.0,2.1,,,,,1010.7,4.0,,,,0.7,,2025-03-05 06:00:00+00:00,FFIA2
630,70.0,1.0,1.5,,,,,1010.3,4.1,,,,0.0,,2025-03-05 05:00:00+00:00,FFIA2
631,40.0,3.1,3.6,,,,,1010.3,4.7,,,,-0.3,,2025-03-05 04:00:00+00:00,FFIA2
632,10.0,5.7,5.7,,,,,1010.0,5.2,,,,-1.0,,2025-03-05 03:00:00+00:00,FFIA2
633,360.0,6.2,7.2,,,,,1010.2,5.1,,,,-1.4,,2025-03-05 02:00:00+00:00,FFIA2
634,350.0,2.6,3.1,,,,,1010.6,4.3,,,,-1.6,,2025-03-05 01:00:00+00:00,FFIA2
635,10.0,4.1,4.6,,,,,1011.0,4.4,,,,-1.5,,2025-03-05 00:00:00+00:00,FFIA2
636,40.0,2.1,2.6,,,,,1011.6,3.1,,,,-1.3,,2025-03-04 23:00:00+00:00,FFIA2
637,80.0,1.5,2.1,,,,,1012.2,2.1,,,,-0.8,,2025-03-04 22:00:00+00:00,FFIA2
638,70.0,1.0,2.1,,,,,1012.5,1.3,,,,-0.4,,2025-03-04 21:00:00+00:00,FFIA2
639,100.0,0.5,1.0,,,,,1012.9,1.1,,,,0.0,,2025-03-04 20:00:00+00:00,FFIA2
640,60.0,1.0,1.0,,,,,1013.0,0.7,,,,0.0,,2025-03-04 19:00:00+00:00,FFIA2
641,30.0,2.6,3.1,,,,,1012.9,0.8,,,,0.0,,2025-03-04 18:00:00+00:00,FFIA2
642,70.0,1.5,1.5,,,,,1013.0,0.3,,,,0.0,,2025-03-04 17:00:00+00:00,FFIA2
643,30.0,1.5,2.1,,,,,1013.1,0.8,,,,0.0,,2025-03-04 16:00:00+00:00,FFIA2
644,130.0,1.5,2.1,,,,,1013.0,0.8,,,,0.0,,2025-03-04 15:00:00+00:00,FFIA2
645,60.0,2.6,2.6,,,,,1013.1,0.9,,,,-0.6,,2025-03-04 14:00:00+00:00,FFIA2
646,40.0,2.6,2.6,,,,,1013.0,1.2,,,,-1.0,,2025-03-04 13:00:00+00:00,FFIA2
647,30.0,3.6,4.1,,,,,1013.2,1.5,,,,-1.0,,2025-03-04 12:00:00+00:00,FFIA2
648,20.0,3.6,3.6,,,,,1013.7,1.4,,,,-0.6,,2025-03-04 11:00:00+00:00,FFIA2
649,30.0,3.6,4.1,,,,,1014.0,1.6,,,,-0.3,,2025-03-04 10:00:00+00:00,FFIA2
650,70.0,2.1,2.1,,,,,1014.2,1.7,,,,-0.3,,2025-03-04 09:00:00+00:00,FFIA2
651,90.0,2.1,2.6,,,,,1014.3,1.6,,,,0.0,,2025-03-04 08:00:00+00:00,FFIA2
652,40.0,3.1,3.6,,,,,1014.3,2.3,,,,0.0,,2025-03-04 07:00:00+00:00,FFIA2
653,40.0,2.1,2.6,,,,,1014.5,1.7,,,,0.0,,2025-03-04 06:00:00+00:00,FFIA2
654,140.0,1.0,1.5,,,,,1014.5,2.7,,,,-0.4,,2025-03-04 05:00:00+00:00,FFIA2
655,190.0,1.0,1.0,,,,,1014.5,2.8,,,,-0.9,,2025-03-04 04:00:00+00:00,FFIA2
656,250.0,2.6,2.6,,,,,1014.7,2.7,,,,-1.3,,2025-03-04 03:00:00+00:00,FFIA2
657,250.0,2.6,3.1,,,,,1014.9,2.2,,,,-1.2,,2025-03-04 02:00:00+00:00,FFIA2
658,300.0,0.5,1.0,,,,,1015.4,3.3,,,,-1.1,,2025-03-04 01:00:00+00:00,FFIA2
659,270.0,2.6,2.6,,,,,1016.0,3.4,,,,-1.4,,2025-03-04 00:00:00+00:00,FFIA2
660,10.0,3.6,4.1,,,,,1016.1,3.5,,,,-1.8,,2025-03-03 23:00:00+00:00,FFIA2
661,10.0,4.1,4.6,,,,,1016.5,2.6,,,,-1.5,,2025-03-03 22:00:00+00:00,FFIA2
662,340.0,5.1,5.7,,,,,1017.4,2.8,,,,-1.1,,2025-03-03 21:00:00+00:00,FFIA2
663,350.0,4.1,4.6,,,,,1017.9,2.6,,,,-0.9,,2025-03-03 20:00:00+00:00,FFIA2
664,40.0,3.1,3.6,,,,,1018.0,2.7,,,,-1.5,,2025-03-03 19:00:00+00:00,FFIA2
665,30.0,4.1,4.6,,,,,1018.5,2.5,,,,-1.8,,2025-03-03 18:00:00+00:00,FFIA2
666,20.0,5.7,6.2,,,,,1018.8,2.6,,,,-2.0,,2025-03-03 17:00:00+00:00,FFIA2
667,10.0,3.1,3.6,,,,,1019.5,3.0,,,,-1.7,,2025-03-03 16:00:00+00:00,FFIA2
668,340.0,4.1,4.1,,,,,1020.3,3.0,,,,-1.2,,2025-03-03 15:00:00+00:00,FFIA2
669,360.0,3.6,4.1,,,,,1020.8,3.1,,,,-1.3,,2025-03-03 14:00:00+00:00,FFIA2
670,360.0,1.0,1.5,,,,,1021.2,2.8,,,,-1.2,,2025-03-03 13:00:00+00:00,FFIA2
671,30.0,1.5,2.1,,,,,1021.5,2.8,,,,-0.7,,2025-03-03 12:00:00+00:00,FFIA2
672,360.0,3.1,3.6,,,,,1022.1,3.2,,,,-0.4,,2025-03-03 11:00:00+00:00,FFIA2
673,10.0,1.0,1.5,,,,,1022.4,3.3,,,,0.0,,2025-03-03 10:00:00+00:00,FFIA2
674,50.0,2.1,2.6,,,,,1022.2,3.3,,,,0.0,,2025-03-03 09:00:00+00:00,FFIA2
675,,0.0,0.5,,,,,1022.5,3.9,,,,0.3,,2025-03-03 08:00:00+00:00,FFIA2
676,70.0,2.1,2.1,,,,,1022.2,4.0,,,,0.0,,2025-03-03 07:00:00+00:00,FFIA2
677,360.0,2.1,2.1,,,,,1022.4,4.6,,,,0.0,,2025-03-03 06:00:00+00:00,FFIA2
678,30.0,2.1,2.1,,,,,1022.2,4.6,,,,0.0,,2025-03-03 05:00:00+00:00,FFIA2
679,350.0,1.5,1.5,,,,,1022.4,4.6,,,,0.0,,2025-03-03 04:00:00+00:00,FFIA2
680,20.0,1.5,1.5,,,,,1022.2,4.9,,,,0.0,,2025-03-03 03:00:00+00:00,FFIA2
681,30.0,1.0,1.0,,,,,1022.1,4.7,,,,0.3,,2025-03-03 02:00:00+00:00,FFIA2
682,,0.0,0.0,,,,,1022.2,4.9,,,,0.5,,2025-03-03 01:00:00+00:00,FFIA2
683,360.0,1.0,1.0,,,,,1022.2,4.7,,,,0.7,,2025-03-03 00:00:00+00:00,FFIA2
684,50.0,1.5,1.5,,,,,1021.8,4.5,,,,0.5,,2025-03-02 23:00:00+00:00,FFIA2
685,10.0,1.5,1.5,,,,,1021.7,4.2,,,,0.7,,2025-03-02 22:00:00+00:00,FFIA2
686,350.0,2.6,3.1,,,,,1021.5,4.0,,,,1.2,,2025-03-02 21:00:00+00:00,FFIA2
687,10.0,2.6,2.6,,,,,1021.3,3.9,,,,1.8,,2025-03-02 20:00:00+00:00,FFIA2
688,30.0,2.1,2.6,,,,,1021.0,4.1,,,,2.2,,2025-03-02 19:00:00+00:00,FFIA2
689,20.0,1.5,2.1,,,,,1020.3,4.0,,,,2.2,,2025-03-02 18:00:00+00:00,FFIA2
690,40.0,2.1,2.6,,,,,1019.5,4.0,,,,1.9,,2025-03-02 17:00:00+00:00,FFIA2
691,,0.0,0.5,,,,,1018.8,3.9,,,,1.9,,2025-03-02 16:00:00+00:00,FFIA2
692,20.0,3.1,3.1,,,,,1018.1,3.9,,,,1.7,,2025-03-02 15:00:00+00:00,FFIA2
693,30.0,2.6,2.6,,,,,1017.6,4.0,,,,1.9,,2025-03-02 14:00:00+00:00,FFIA2
694,30.0,3.6,4.1,,,,,1016.9,4.0,,,,1.8,,2025-03-02 13:00:00+00:00,FFIA2
695,20.0,2.1,2.6,,,,,1016.4,4.1,,,,1.8,,2025-03-02 12:00:00+00:00,FFIA2
696,50.0,1.0,1.5,,,,,1015.7,4.1,,,,1.8,,2025-03-02 11:00:00+00:00,FFIA2
697,50.0,3.1,3.6,,,,,1015.1,4.2,,,,1.8,,2025-03-02 10:00:00+00:00,FFIA2
698,60.0,2.1,2.6,,,,,1014.6,4.4,,,,1.6,,2025-03-02 09:00:00+00:00,FFIA2
699,10.0,1.5,2.1,,,,,1013.9,4.5,,,,1.5,,2025-03-02 08:00:00+00:00,FFIA2
700,320.0,0.5,0.5,,,,,1013.3,4.7,,,,1.3,,2025-03-02 07:00:00+00:00,FFIA2
701,140.0,1.0,2.1,,,,,1013.0,5.1,,,,1.6,,2025-03-02 06:00:00+00:00,FFIA2
702,80.0,4.1,5.1,,,,,1012.4,4.6,,,,1.4,,2025-03-02 05:00:00+00:00,FFIA2
703,80.0,2.1,2.6,,,,,1012.0,4.7,,,,1.4,,2025-03-02 04:00:00+00:00,FFIA2
704,30.0,2.1,2.1,,,,,1011.4,4.5,,,,1.2,,2025-03-02 03:00:00+00:00,FFIA2
705,,0.0,0.0,,,,,1011.0,4.3,,,,1.1,,2025-03-02 02:00:00+00:00,FFIA2
706,20.0,1.0,1.0,,,,,1010.6,4.4,,,,0.7,,2025-03-02 01:00:00+00:00,FFIA2
707,,0.0,0.0,,,,,1010.2,4.7,,,,-0.0,,2025-03-02 00:00:00+00:00,FFIA2
708,310.0,1.0,1.0,,,,,1009.9,4.9,,,,0.0,,2025-03-01 23:00:00+00:00,FFIA2
709,50.0,1.0,1.5,,,,,1009.9,4.7,,,,0.6,,2025-03-01 22:00:00+00:00,FFIA2
710,10.0,1.0,1.0,,,,,1010.1,4.6,,,,1.0,,2025-03-01 21:00:00+00:00,FFIA2
711,80.0,2.6,3.1,,,,,1009.7,4.4,,,,0.9,,2025-03-01 20:00:00+00:00,FFIA2
712,70.0,1.0,1.0,,,,,1009.3,4.1,,,,0.9,,2025-03-01 19:00:00+00:00,FFIA2
713,70.0,1.5,2.1,,,,,1009.1,4.0,,,,0.8,,2025-03-01 18:00:00+00:00,FFIA2
714,60.0,1.5,1.5,,,,,1008.8,4.2,,,,0.9,,2025-03-01 17:00:00+00:00,FFIA2
715,150.0,5.1,6.2,,,,,1008.4,4.4,,,,-0.0,,2025-03-01 16:00:00+00:00,FFIA2
716,360.0,1.0,1.5,,,,,1008.3,4.7,,,,-0.0,,2025-03-01 15:00:00+00:00,FFIA2
717,40.0,1.0,1.5,,,,,1007.9,4.7,,,,-0.7,,2025-03-01 14:00:00+00:00,FFIA2
718,160.0,2.6,4.1,,,,,1008.2,5.0,,,,-0.6,,2025-03-01 13:00:00+00:00,FFIA2
719,140.0,7.2,8.2,,,,,1008.2,4.9,,,,-0.7,,2025-03-01 12:00:00+00:00,FFIA2
720,140.0,6.2,7.2,,,,,1008.6,5.0,,,,-0.8,,2025-03-01 11:00:00+00:00,FFIA2
721,150.0,4.6,5.1,,,,,1008.8,5.1,,,,-0.6,,2025-03-01 10:00:00+00:00,FFIA2
722,90.0,2.1,3.1,,,,,1008.9,5.2,,,,-0.8,,2025-03-01 09:00:00+00:00,FFIA2
723,120.0,4.1,6.2,,,,,1009.4,5.5,,,,-0.3,,2025-03-01 08:00:00+00:00,FFIA2
724,140.0,6.2,7.2,,,,,1009.4,6.0,,,,-0.5,,2025-03-01 07:00:00+00:00,FFIA2
725,130.0,8.8,10.8,,,,,1009.7,5.9,,,,-1.0,,2025-03-01 06:00:00+00:00,FFIA2
726,140.0,8.2,9.3,,,,,1009.7,5.7,,,,-1.6,,2025-03-01 05:00:00+00:00,FFIA2
727,120.0,5.1,7.2,,,,,1009.9,6.2,,,,-1.5,,2025-03-01 04:00:00+00:00,FFIA2
728,130.0,4.1,6.2,,,,,1010.7,6.0,,,,-1.2,,2025-03-01 03:00:00+00:00,FFIA2
729,140.0,5.1,5.7,,,,,1011.3,5.8,,,,-1.0,,2025-03-01 02:00:00+00:00,FFIA2
730,130.0,9.3,10.8,,,,,1011.4,5.5,,,,-1.0,,2025-03-01 01:00:00+00:00,FFIA2
731,130.0,7.7,9.3,,,,,1011.9,5.9,,,,-0.8,,2025-03-01 00:00:00+00:00,FFIA2
732,140.0,8.2,9.8,,,,,1012.3,5.9,,,,-0.6,,2025-02-28 23:00:00+00:00,FFIA2
733,140.0,8.2,9.3,,,,,1012.4,5.8,,,,0.0,,2025-02-28 22:00:00+00:00,FFIA2
734,140.0,8.8,11.3,,,,,1012.7,5.6,,,,0.3,,2025-02-28 21:00:00+00:00,FFIA2
735,140.0,9.8,10.8,,,,,1012.9,5.6,,,,0.4,,2025-02-28 20:00:00+00:00,FFIA2
736,140.0,10.3,13.9,,,,,1012.4,5.4,,,,0.0,,2025-02-28 19:00:00+00:00,FFIA2
737,130.0,9.3,11.3,,,,,1012.4,5.2,,,,-0.0,,2025-02-28 18:00:00+00:00,FFIA2
738,140.0,11.8,13.4,,,,,1012.5,5.3,,,,-0.5,,2025-02-28 17:00:00+00:00,FFIA2
739,140.0,11.8,13.4,,,,,1012.3,5.8,,,,-1.1,,2025-02-28 16:00:00+00:00,FFIA2
740,140.0,11.3,13.4,,,,,1012.6,5.5,,,,-1.8,,2025-02-28 15:00:00+00:00,FFIA2
741,150.0,11.3,13.9,,,,,1013.0,5.5,,,,-1.9,,2025-02-28 14:00:00+00:00,FFIA2
742,130.0,8.2,9.8,,,,,1013.4,5.9,,,,-1.6,,2025-02-28 13:00:00+00:00,FFIA2
743,130.0,10.3,11.8,,,,,1014.4,5.7,,,,-0.6,,2025-02-28 12:00:00+00:00,FFIA2
744,140.0,9.3,12.9,,,,,1014.9,6.0,,,,-1.0,,2025-02-28 11:00:00+00:00,FFIA2
745,130.0,11.8,14.4,,,,,1015.0,6.4,,,,-1.4,,2025-02-28 10:00:00+00:00,FFIA2
746,140.0,12.4,14.4,,,,,1015.0,6.3,,,,-1.8,,2025-02-28 09:00:00+00:00,FFIA2
747,140.0,7.2,8.2,,,,,1015.9,6.2,,,,0.0,,2025-02-28 08:00:00+00:00,FFIA2
748,90.0,4.1,4.6,,,,,1016.4,4.6,,,,0.9,,2025-02-28 07:00:00+00:00,FFIA2
749,150.0,6.7,7.2,,,,,1016.8,5.6,,,,0.9,,2025-02-28 06:00:00+00:00,FFIA2
750,140.0,7.2,8.2,,,,,1015.9,5.8,,,,-0.5,,2025-02-28 05:00:00+00:00,FFIA2
751,140.0,7.7,9.8,,,,,1015.5,5.6,,,,-1.2,,2025-02-28 04:00:00+00:00,FFIA2
752,150.0,7.7,9.8,,,,,1015.9,5.6,,,,-0.5,,2025-02-28 03:00:00+00:00,FFIA2
753,150.0,7.2,8.2,,,,,1016.4,4.9,,,,0.0,,2025-02-28 02:00:00+00:00,FFIA2
754,160.0,5.7,8.2,,,,,1016.7,5.3,,,,1.2,,2025-02-28 01:00:00+00:00,FFIA2
755,150.0,9.3,11.3,,,,,1016.4,5.7,,,,1.0,,2025-02-28 00:00:00+00:00,FFIA2
756,160.0,5.1,7.2,,,,,1016.5,5.5,,,,2.4,,2025-02-27 23:00:00+00:00,FFIA2
757,160.0,7.7,10.8,,,,,1015.5,6.0,,,,2.6,,2025-02-27 22:00:00+00:00,FFIA2
758,150.0,9.3,10.3,,,,,1015.4,5.6,,,,3.1,,2025-02-27 21:00:00+00:00,FFIA2
759,150.0,9.3,12.4,,,,,1014.1,5.5,,,,3.0,,2025-02-27 20:00:00+00:00,FFIA2
760,150.0,10.3,12.4,,,,,1012.9,5.7,,,,3.0,,2025-02-27 19:00:00+00:00,FFIA2
761,150.0,8.8,10.8,,,,,1012.3,5.4,,,,4.3,,2025-02-27 18:00:00+00:00,FFIA2
762,160.0,6.2,8.2,,,,,1011.1,5.2,,,,4.6,,2025-02-27 17:00:00+00:00,FFIA2
763,160.0,6.7,9.8,,,,,1009.9,5.5,,,,5.1,,2025-02-27 16:00:00+00:00,FFIA2
764,160.0,5.7,8.2,,,,,1008.0,5.6,,,,4.4,,2025-02-27 15:00:00+00:00,FFIA2
765,160.0,7.2,10.8,,,,,1006.5,5.8,,,,4.7,,2025-02-27 14:00:00+00:00,FFIA2
766,170.0,8.2,11.3,,,,,1004.8,5.9,,,,5.3,,2025-02-27 13:00:00+00:00,FFIA2
767,170.0,8.8,11.3,,,,,1003.6,5.9,,,,6.1,,2025-02-27 12:00:00+00:00,FFIA2
768,160.0,7.2,9.8,,,,,1001.8,6.1,,,,5.7,,2025-02-27 11:00:00+00:00,FFIA2
769,150.0,11.8,13.9,,,,,999.5,5.9,,,,4.4,,2025-02-27 10:00:00+00:00,FFIA2
770,150.0,12.4,14.9,,,,,997.5,6.5,,,,4.2,,2025-02-27 09:00:00+00:00,FFIA2
771,150.0,13.9,15.4,,,,,996.1,6.4,,,,3.0,,2025-02-27 08:00:00+00:00,FFIA2
772,150.0,10.8,14.4,,,,,995.1,6.3,,,,2.4,,2025-02-27 07:00:00+00:00,FFIA2
773,140.0,14.9,19.0,,,,,993.3,6.9,,,,0.7,,2025-02-27 06:00:00+00:00,FFIA2
774,150.0,13.4,18.0,,,,,993.1,6.3,,,,1.1,,2025-02-27 05:00:00+00:00,FFIA2
775,150.0,12.4,14.4,,,,,992.7,6.8,,,,-0.0,,2025-02-27 04:00:00+00:00,FFIA2
776,140.0,12.9,14.9,,,,,992.6,6.7,,,,-0.4,,2025-02-27 03:00:00+00:00,FFIA2
777,140.0,14.9,17.0,,,,,992.0,6.8,,,,-0.8,,2025-02-27 02:00:00+00:00,FFIA2
778,150.0,14.9,17.5,,,,,992.6,6.5,,,,0.0,,2025-02-27 01:00:00+00:00,FFIA2
779,150.0,13.9,16.0,,,,,993.0,6.4,,,,0.6,,2025-02-27 00:00:00+00:00,FFIA2
780,150.0,16.5,20.1,,,,,992.8,6.8,,,,-0.4,,2025-02-26 23:00:00+00:00,FFIA2
781,140.0,13.9,17.0,,,,,992.5,7.1,,,,-1.4,,2025-02-26 22:00:00+00:00,FFIA2
782,140.0,16.0,18.0,,,,,992.4,7.5,,,,-1.7,,2025-02-26 21:00:00+00:00,FFIA2
783,140.0,13.4,14.9,,,,,993.2,7.6,,,,-2.1,,2025-02-26 20:00:00+00:00,FFIA2
784,140.0,14.9,18.0,,,,,993.9,7.6,,,,-1.7,,2025-02-26 19:00:00+00:00,FFIA2
785,140.0,16.5,19.0,,,,,994.1,7.8,,,,-2.9,,2025-02-26 18:00:00+00:00,FFIA2
786,130.0,14.4,16.5,,,,,995.3,8.1,,,,-3.0,,2025-02-26 17:00:00+00:00,FFIA2
787,130.0,14.4,17.0,,,,,995.6,7.8,,,,-4.1,,2025-02-26 16:00:00+00:00,FFIA2
788,120.0,11.3,14.9,,,,,997.0,8.2,,,,-4.7,,2025-02-26 15:00:00+00:00,FFIA2
789,130.0,9.8,13.4,,,,,998.3,7.5,,,,,,2025-02-26 14:00:00+00:00,FFIA2
790,130.0,7.2,8.2,,,,,999.7,7.0,,,,,,2025-02-26 13:00:00+00:00,FFIA2
791,130.0,6.2,7.2,,,,,1001.7,6.8,,,,-1.8,,2025-02-26 12:00:00+00:00,FFIA2
792,130.0,6.7,10.8,,,,,1002.4,6.4,,,,-2.0,,2025-02-26 11:00:00+00:00,FFIA2
793,130.0,7.2,8.2,,,,,1003.3,6.3,,,,-2.3,,2025-02-26 10:00:00+00:00,FFIA2
794,140.0,8.8,10.3,,,,,1003.5,6.7,,,,-2.6,,2025-02-26 09:00:00+00:00,FFIA2
795,90.0,4.6,5.1,,,,,1004.4,5.5,,,,-1.9,,2025-02-26 08:00:00+00:00,FFIA2
796,80.0,2.6,4.6,,,,,1005.6,6.1,,,,-0.5,,2025-02-26 07:00:00+00:00,FFIA2
797,120.0,3.6,4.1,,,,,1006.1,6.3,,,,0.3,,2025-02-26 06:00:00+00:00,FFIA2
798,140.0,9.8,10.8,,,,,1006.3,6.2,,,,1.3,,2025-02-26 05:00:00+00:00,FFIA2
799,150.0,8.2,9.3,,,,,1006.1,6.0,,,,1.4,,2025-02-26 04:00:00+00:00,FFIA2
800,150.0,7.7,9.3,,,,,1005.8,6.3,,,,0.6,,2025-02-26 03:00:00+00:00,FFIA2
801,140.0,9.3,10.3,,,,,1005.0,6.6,,,,-0.0,,2025-02-26 02:00:00+00:00,FFIA2
802,140.0,9.8,11.3,,,,,1004.7,6.6,,,,0.3,,2025-02-26 01:00:00+00:00,FFIA2
803,140.0,7.7,9.8,,,,,1005.2,5.9,,,,1.1,,2025-02-26 00:00:00+00:00,FFIA2
804,150.0,5.7,6.7,,,,,1005.1,5.5,,,,1.6,,2025-02-25 23:00:00+00:00,FFIA2
805,150.0,6.7,8.2,,,,,1004.4,5.7,,,,0.9,,2025-02-25 22:00:00+00:00,FFIA2
806,150.0,7.7,9.3,,,,,1004.1,5.5,,,,1.4,,2025-02-25 21:00:00+00:00,FFIA2
807,150.0,10.3,11.8,,,,,1003.5,5.3,,,,1.6,,2025-02-25 20:00:00+00:00,FFIA2
808,160.0,3.6,6.2,,,,,1003.5,5.3,,,,2.5,,2025-02-25 19:00:00+00:00,FFIA2
809,150.0,7.2,9.3,,,,,1002.7,5.9,,,,2.2,,2025-02-25 18:00:00+00:00,FFIA2
810,150.0,7.2,10.8,,,,,1001.9,5.6,,,,1.8,,2025-02-25 17:00:00+00:00,FFIA2
811,150.0,9.3,10.8,,,,,1001.0,5.6,,,,1.3,,2025-02-25 16:00:00+00:00,FFIA2
812,150.0,9.8,10.8,,,,,1000.5,6.0,,,,1.0,,2025-02-25 15:00:00+00:00,FFIA2
813,150.0,9.3,10.8,,,,,1000.1,5.8,,,,0.6,,2025-02-25 14:00:00+00:00,FFIA2
814,150.0,8.8,11.8,,,,,999.7,6.2,,,,0.7,,2025-02-25 13:00:00+00:00,FFIA2
815,150.0,9.8,11.8,,,,,999.5,5.9,,,,0.9,,2025-02-25 12:00:00+00:00,FFIA2
816,160.0,6.7,8.8,,,,,999.5,5.7,,,,1.8,,2025-02-25 11:00:00+00:00,FFIA2
817,160.0,7.2,8.8,,,,,999.0,5.4,,,,2.2,,2025-02-25 10:00:00+00:00,FFIA2
818,160.0,6.2,8.8,,,,,998.6,5.4,,,,2.8,,2025-02-25 09:00:00+00:00,FFIA2
819,160.0,7.2,8.8,,,,,997.7,5.4,,,,2.5,,2025-02-25 08:00:00+00:00,FFIA2
820,150.0,9.3,12.4,,,,,996.8,5.7,,,,1.5,,2025-02-25 07:00:00+00:00,FFIA2
821,150.0,12.4,14.4,,,,,995.8,6.6,,,,1.0,,2025-02-25 06:00:00+00:00,FFIA2
822,150.0,12.4,14.9,,,,,995.2,6.7,,,,0.4,,2025-02-25 05:00:00+00:00,FFIA2
823,150.0,8.8,9.8,,,,,995.3,6.1,,,,0.4,,2025-02-25 04:00:00+00:00,FFIA2
824,150.0,10.3,10.8,,,,,994.8,5.9,,,,-0.5,,2025-02-25 03:00:00+00:00,FFIA2
825,140.0,9.3,11.3,,,,,994.8,6.1,,,,-0.7,,2025-02-25 02:00:00+00:00,FFIA2
826,130.0,7.7,8.8,,,,,994.9,6.0,,,,-1.2,,2025-02-25 01:00:00+00:00,FFIA2
827,,0.0,0.5,,,,,995.3,4.8,,,,-1.0,,2025-02-25 00:00:00+00:00,FFIA2
828,30.0,2.6,3.1,,,,,995.5,4.0,,,,-1.0,,2025-02-24 23:00:00+00:00,FFIA2
829,70.0,1.0,1.0,,,,,996.1,3.7,,,,-0.4,,2025-02-24 22:00:00+00:00,FFIA2
830,60.0,2.1,2.6,,,,,996.3,3.8,,,,-0.4,,2025-02-24 21:00:00+00:00,FFIA2
831,,0.0,0.5,,,,,996.5,3.7,,,,-0.4,,2025-02-24 20:00:00+00:00,FFIA2
832,40.0,4.6,4.6,,,,,996.5,3.6,,,,-0.3,,2025-02-24 19:00:00+00:00,FFIA2
833,40.0,3.6,4.1,,,,,996.7,3.8,,,,-0.3,,2025-02-24 18:00:00+00:00,FFIA2
834,50.0,3.1,3.6,,,,,996.9,3.7,,,,0.0,,2025-02-24 17:00:00+00:00,FFIA2
835,60.0,4.1,4.6,,,,,996.8,3.5,,,,0.0,,2025-02-24 16:00:00+00:00,FFIA2
836,310.0,2.1,2.6,,,,,997.0,4.1,,,,-0.3,,2025-02-24 15:00:00+00:00,FFIA2
837,270.0,2.6,2.6,,,,,997.0,4.3,,,,-0.4,,2025-02-24 14:00:00+00:00,FFIA2
838,80.0,3.1,3.6,,,,,997.0,4.0,,,,-0.6,,2025-02-24 13:00:00+00:00,FFIA2
839,,0.0,0.5,,,,,997.3,4.5,,,,0.4,,2025-02-24 12:00:00+00:00,FFIA2
840,70.0,3.6,4.1,,,,,997.4,5.2,,,,0.8,,2025-02-24 11:00:00+00:00,FFIA2
841,100.0,1.0,1.5,,,,,997.6,5.1,,,,1.4,,2025-02-24 10:00:00+00:00,FFIA2
842,150.0,6.7,7.7,,,,,996.9,5.7,,,,0.9,,2025-02-24 09:00:00+00:00,FFIA2
843,150.0,5.1,6.2,,,,,996.6,6.3,,,,1.1,,2025-02-24 08:00:00+00:00,FFIA2
844,150.0,7.7,8.8,,,,,996.2,6.1,,,,1.0,,2025-02-24 07:00:00+00:00,FFIA2
845,150.0,7.7,9.3,,,,,996.0,5.8,,,,2.0,,2025-02-24 06:00:00+00:00,FFIA2
846,150.0,10.3,10.8,,,,,995.5,5.8,,,,1.9,,2025-02-24 05:00:00+00:00,FFIA2
847,150.0,9.3,11.3,,,,,995.2,5.8,,,,2.0,,2025-02-24 04:00:00+00:00,FFIA2
848,150.0,12.4,14.4,,,,,994.0,5.8,,,,0.9,,2025-02-24 03:00:00+00:00,FFIA2
849,150.0,11.8,13.9,,,,,993.6,5.9,,,,0.5,,2025-02-24 02:00:00+00:00,FFIA2
850,150.0,12.4,13.9,,,,,993.2,5.9,,,,0.0,,2025-02-24 01:00:00+00:00,FFIA2
851,150.0,10.3,12.4,,,,,993.1,6.6,,,,0.0,,2025-02-24 00:00:00+00:00,FFIA2
852,150.0,8.8,9.8,,,,,993.1,6.7,,,,0.0,,2025-02-23 23:00:00+00:00,FFIA2
853,150.0,7.2,9.3,,,,,993.1,6.2,,,,0.9,,2025-02-23 22:00:00+00:00,FFIA2
854,150.0,6.2,7.7,,,,,993.0,6.9,,,,1.2,,2025-02-23 21:00:00+00:00,FFIA2
855,150.0,3.6,5.1,,,,,993.0,6.7,,,,1.6,,2025-02-23 20:00:00+00:00,FFIA2
856,150.0,5.7,6.7,,,,,992.2,6.4,,,,0.9,,2025-02-23 19:00:00+00:00,FFIA2
857,150.0,5.7,6.7,,,,,991.8,5.3,,,,1.0,,2025-02-23 18:00:00+00:00,FFIA2
858,150.0,4.6,5.7,,,,,991.4,5.9,,,,1.1,,2025-02-23 17:00:00+00:00,FFIA2
859,110.0,2.1,3.1,,,,,991.3,5.1,,,,1.1,,2025-02-23 16:00:00+00:00,FFIA2
860,90.0,1.5,2.6,,,,,990.8,4.6,,,,1.1,,2025-02-23 15:00:00+00:00,FFIA2
861,150.0,6.7,8.2,,,,,990.3,4.6,,,,1.1,,2025-02-23 14:00:00+00:00,FFIA2
862,160.0,5.1,7.2,,,,,990.2,5.0,,,,1.7,,2025-02-23 13:00:00+00:00,FFIA2
863,150.0,7.2,7.7,,,,,989.7,5.4,,,,2.1,,2025-02-23 12:00:00+00:00,FFIA2
864,140.0,9.3,10.3,,,,,989.2,4.8,,,,2.1,,2025-02-23 11:00:00+00:00,FFIA2
865,140.0,10.8,13.4,,,,,988.5,4.7,,,,2.4,,2025-02-23 10:00:00+00:00,FFIA2
866,150.0,12.4,13.9,,,,,987.6,4.3,,,,2.1,,2025-02-23 09:00:00+00:00,FFIA2
867,150.0,9.8,11.3,,,,,987.1,4.7,,,,2.6,,2025-02-23 08:00:00+00:00,FFIA2
868,150.0,8.8,11.8,,,,,986.1,4.8,,,,2.4,,2025-02-23 07:00:00+00:00,FFIA2
869,140.0,2.6,3.1,,,,,985.5,4.5,,,,2.2,,2025-02-23 06:00:00+00:00,FFIA2
870,30.0,2.6,3.1,,,,,984.5,4.2,,,,1.4,,2025-02-23 05:00:00+00:00,FFIA2
871,10.0,3.6,4.1,,,,,983.7,4.2,,,,0.4,,2025-02-23 04:00:00+00:00,FFIA2
872,10.0,4.6,5.1,,,,,983.3,4.1,,,,-0.3,,2025-02-23 03:00:00+00:00,FFIA2
873,10.0,6.2,6.7,,,,,983.1,4.2,,,,-0.8,,2025-02-23 02:00:00+00:00,FFIA2
874,350.0,6.2,6.7,,,,,983.3,4.3,,,,-1.9,,2025-02-23 01:00:00+00:00,FFIA2
875,350.0,5.7,5.7,,,,,983.6,4.2,,,,-2.8,,2025-02-23 00:00:00+00:00,FFIA2
876,30.0,6.7,7.2,,,,,983.9,4.8,,,,-3.4,,2025-02-22 23:00:00+00:00,FFIA2
877,60.0,3.6,4.1,,,,,985.2,5.6,,,,-2.2,,2025-02-22 22:00:00+00:00,FFIA2
878,50.0,4.6,5.1,,,,,986.4,5.6,,,,-1.2,,2025-02-22 21:00:00+00:00,FFIA2
879,120.0,2.1,2.6,,,,,987.3,6.1,,,,-0.3,,2025-02-22 20:00:00+00:00,FFIA2
880,140.0,8.8,9.8,,,,,987.4,6.7,,,,0.0,,2025-02-22 19:00:00+00:00,FFIA2
881,140.0,9.8,10.8,,,,,987.6,6.5,,,,0.0,,2025-02-22 18:00:00+00:00,FFIA2
882,140.0,8.8,9.8,,,,,987.6,6.4,,,,0.3,,2025-02-22 17:00:00+00:00,FFIA2
883,130.0,10.3,12.4,,,,,987.3,7.2,,,,0.0,,2025-02-22 16:00:00+00:00,FFIA2
884,20.0,5.1,5.7,,,,,987.4,4.0,,,,0.0,,2025-02-22 15:00:00+00:00,FFIA2
885,360.0,7.2,7.7,,,,,987.3,4.1,,,,-0.4,,2025-02-22 14:00:00+00:00,FFIA2
886,360.0,8.8,9.3,,,,,987.4,4.2,,,,-1.3,,2025-02-22 13:00:00+00:00,FFIA2
887,10.0,9.8,10.8,,,,,987.3,4.2,,,,-2.2,,2025-02-22 12:00:00+00:00,FFIA2
888,360.0,10.3,11.3,,,,,987.7,4.6,,,,-3.1,,2025-02-22 11:00:00+00:00,FFIA2
889,360.0,9.3,10.8,,,,,988.7,4.5,,,,-3.0,,2025-02-22 10:00:00+00:00,FFIA2
890,20.0,8.2,8.8,,,,,989.5,4.4,,,,-2.6,,2025-02-22 09:00:00+00:00,FFIA2
891,10.0,7.2,8.8,,,,,990.8,4.8,,,,-2.3,,2025-02-22 08:00:00+00:00,FFIA2
892,360.0,7.2,8.2,,,,,991.7,4.5,,,,-1.8,,2025-02-22 07:00:00+00:00,FFIA2
893,10.0,9.3,9.8,,,,,992.1,4.5,,,,-1.5,,2025-02-22 06:00:00+00:00,FFIA2
894,360.0,6.7,7.2,,,,,993.1,4.4,,,,-1.0,,2025-02-22 05:00:00+00:00,FFIA2
895,20.0,6.7,7.7,,,,,993.5,4.3,,,,-0.9,,2025-02-22 04:00:00+00:00,FFIA2
896,30.0,5.7,6.2,,,,,993.6,4.5,,,,-1.0,,2025-02-22 03:00:00+00:00,FFIA2
897,10.0,6.7,7.2,,,,,994.1,4.4,,,,-1.0,,2025-02-22 02:00:00+00:00,FFIA2
898,10.0,6.7,7.2,,,,,994.4,4.6,,,,-1.8,,2025-02-22 01:00:00+00:00,FFIA2
899,360.0,7.7,8.8,,,,,994.6,4.8,,,,-2.9,,2025-02-22 00:00:00+00:00,FFIA2
900,20.0,7.7,8.2,,,,,995.1,4.8,,,,-4.1,,2025-02-21 23:00:00+00:00,FFIA2
901,360.0,8.8,9.8,,,,,996.2,4.5,,,,-4.0,,2025-02-21 22:00:00+00:00,FFIA2
902,10.0,9.3,10.3,,,,,997.5,4.3,,,,-3.3,,2025-02-21 21:00:00+00:00,FFIA2
903,20.0,7.7,8.2,,,,,999.2,4.1,,,,-2.3,,2025-02-21 20:00:00+00:00,FFIA2
904,10.0,5.7,7.7,,,,,1000.2,4.0,,,,-2.3,,2025-02-21 19:00:00+00:00,FFIA2
905,30.0,5.1,5.7,,,,,1000.8,3.9,,,,-2.8,,2025-02-21 18:00:00+00:00,FFIA2
906,10.0,6.7,7.2,,,,,1001.5,3.9,,,,-3.0,,2025-02-21 17:00:00+00:00,FFIA2
907,30.0,3.6,4.1,,,,,1002.5,4.1,,,,-3.0,,2025-02-21 16:00:00+00:00,FFIA2
908,250.0,1.5,1.5,,,,,1003.6,4.5,,,,-2.2,,2025-02-21 15:00:00+00:00,FFIA2
909,70.0,3.6,4.1,,,,,1004.5,3.9,,,,-2.0,,2025-02-21 14:00:00+00:00,FFIA2
910,,0.0,0.5,,,,,1005.5,4.7,,,,-1.2,,2025-02-21 13:00:00+00:00,FFIA2
911,150.0,5.7,6.7,,,,,1005.8,5.1,,,,-1.2,,2025-02-21 12:00:00+00:00,FFIA2
912,40.0,1.0,1.0,,,,,1006.5,5.1,,,,-0.4,,2025-02-21 11:00:00+00:00,FFIA2
913,150.0,6.2,7.2,,,,,1006.7,5.8,,,,0.4,,2025-02-21 10:00:00+00:00,FFIA2
914,150.0,7.2,8.8,,,,,1007.0,6.1,,,,1.4,,2025-02-21 09:00:00+00:00,FFIA2
915,150.0,10.3,11.8,,,,,1006.9,5.8,,,,1.9,,2025-02-21 08:00:00+00:00,FFIA2
916,150.0,9.8,12.4,,,,,1006.3,6.2,,,,1.4,,2025-02-21 07:00:00+00:00,FFIA2
917,150.0,10.3,14.4,,,,,1005.6,6.4,,,,1.1,,2025-02-21 06:00:00+00:00,FFIA2
918,150.0,14.4,16.5,,,,,1005.0,5.7,,,,0.6,,2025-02-21 05:00:00+00:00,FFIA2
919,150.0,12.4,14.4,,,,,1004.9,5.7,,,,1.9,,2025-02-21 04:00:00+00:00,FFIA2
920,150.0,12.4,13.9,,,,,1004.5,5.9,,,,1.5,,2025-02-21 03:00:00+00:00,FFIA2
921,150.0,11.8,15.4,,,,,1004.4,6.7,,,,1.5,,2025-02-21 02:00:00+00:00,FFIA2
922,150.0,14.9,17.0,,,,,1003.0,6.5,,,,0.0,,2025-02-21 01:00:00+00:00,FFIA2
923,140.0,12.9,14.9,,,,,1003.0,6.4,,,,0.7,,2025-02-21 00:00:00+00:00,FFIA2
924,140.0,12.9,14.4,,,,,1002.9,6.1,,,,1.0,,2025-02-20 23:00:00+00:00,FFIA2
925,150.0,10.8,12.9,,,,,1003.0,6.3,,,,1.1,,2025-02-20 22:00:00+00:00,FFIA2
926,150.0,10.3,12.9,,,,,1002.3,5.9,,,,0.4,,2025-02-20 21:00:00+00:00,FFIA2
927,130.0,9.8,13.4,,,,,1001.9,6.2,,,,0.0,,2025-02-20 20:00:00+00:00,FFIA2
928,140.0,8.2,10.8,,,,,1001.9,5.9,,,,-0.0,,2025-02-20 19:00:00+00:00,FFIA2
929,140.0,8.8,11.3,,,,,1001.9,5.9,,,,-0.7,,2025-02-20 18:00:00+00:00,FFIA2
930,130.0,8.2,10.3,,,,,1001.8,5.9,,,,-1.9,,2025-02-20 17:00:00+00:00,FFIA2
931,140.0,8.2,9.8,,,,,1002.1,5.9,,,,-2.6,,2025-02-20 16:00:00+00:00,FFIA2
932,140.0,5.7,7.2,,,,,1002.6,5.8,,,,-3.3,,2025-02-20 15:00:00+00:00,FFIA2
933,100.0,4.6,5.1,,,,,1003.7,5.4,,,,-3.4,,2025-02-20 14:00:00+00:00,FFIA2
934,120.0,8.8,9.8,,,,,1004.7,6.0,,,,-3.1,,2025-02-20 13:00:00+00:00,FFIA2
935,130.0,6.2,6.7,,,,,1005.9,6.2,,,,-2.4,,2025-02-20 12:00:00+00:00,FFIA2
936,140.0,7.7,9.3,,,,,1007.1,5.8,,,,-1.4,,2025-02-20 11:00:00+00:00,FFIA2
937,90.0,2.1,2.6,,,,,1007.8,4.5,,,,-1.1,,2025-02-20 10:00:00+00:00,FFIA2
938,90.0,2.6,3.1,,,,,1008.3,4.0,,,,-0.3,,2025-02-20 09:00:00+00:00,FFIA2
939,150.0,8.2,8.8,,,,,1008.5,4.2,,,,0.3,,2025-02-20 08:00:00+00:00,FFIA2
940,160.0,4.1,5.7,,,,,1008.9,4.1,,,,0.8,,2025-02-20 07:00:00+00:00,FFIA2
941,150.0,5.1,6.7,,,,,1008.6,3.8,,,,0.9,,2025-02-20 06:00:00+00:00,FFIA2
942,150.0,6.2,7.2,,,,,1008.2,4.3,,,,0.5,,2025-02-20 05:00:00+00:00,FFIA2
943,150.0,8.2,9.3,,,,,1008.1,4.1,,,,0.6,,2025-02-20 04:00:00+00:00,FFIA2
944,150.0,6.7,8.2,,,,,1007.7,3.9,,,,0.9,,2025-02-20 03:00:00+00:00,FFIA2
945,160.0,4.1,6.2,,,,,1007.7,3.8,,,,1.3,,2025-02-20 02:00:00+00:00,FFIA2
946,160.0,4.1,5.7,,,,,1007.5,3.9,,,,1.5,,2025-02-20 01:00:00+00:00,FFIA2
947,160.0,4.1,6.2,,,,,1006.8,4.0,,,,1.3,,2025-02-20 00:00:00+00:00,FFIA2
948,160.0,4.6,6.2,,,,,1006.4,3.9,,,,1.2,,2025-02-19 23:00:00+00:00,FFIA2
949,160.0,3.6,5.7,,,,,1006.0,3.7,,,,1.4,,2025-02-19 22:00:00+00:00,FFIA2
950,150.0,5.7,7.7,,,,,1005.5,3.4,,,,1.2,,2025-02-19 21:00:00+00:00,FFIA2
951,160.0,5.1,6.2,,,,,1005.2,3.3,,,,1.1,,2025-02-19 20:00:00+00:00,FFIA2
952,150.0,5.7,7.7,,,,,1004.6,3.4,,,,0.7,,2025-02-19 19:00:00+00:00,FFIA2
953,150.0,6.2,7.2,,,,,1004.3,3.3,,,,0.4,,2025-02-19 18:00:00+00:00,FFIA2
954,140.0,5.1,5.7,,,,,1004.1,3.5,,,,0.0,,2025-02-19 17:00:00+00:00,FFIA2
955,130.0,5.1,6.7,,,,,1003.9,3.2,,,,0.0,,2025-02-19 16:00:00+00:00,FFIA2
956,60.0,1.0,2.1,,,,,1003.9,3.3,,,,0.0,,2025-02-19 15:00:00+00:00,FFIA2
957,10.0,2.1,2.6,,,,,1004.0,3.4,,,,-0.4,,2025-02-19 14:00:00+00:00,FFIA2
958,10.0,2.1,2.1,,,,,1004.1,3.3,,,,-0.6,,2025-02-19 13:00:00+00:00,FFIA2
959,360.0,4.1,4.6,,,,,1004.1,3.3,,,,-1.0,,2025-02-19 12:00:00+00:00,FFIA2
960,10.0,5.1,5.7,,,,,1004.4,3.2,,,,-1.0,,2025-02-19 11:00:00+00:00,FFIA2
961,360.0,5.1,5.7,,,,,1004.7,3.2,,,,-1.0,,2025-02-19 10:00:00+00:00,FFIA2
962,10.0,4.1,4.6,,,,,1005.1,3.3,,,,-1.3,,2025-02-19 09:00:00+00:00,FFIA2
963,10.0,5.1,5.1,,,,,1005.4,3.2,,,,-1.6,,2025-02-19 08:00:00+00:00,FFIA2
964,10.0,7.2,7.7,,,,,1005.7,3.3,,,,-2.0,,2025-02-19 07:00:00+00:00,FFIA2
965,10.0,6.7,7.2,,,,,1006.4,3.4,,,,-2.1,,2025-02-19 06:00:00+00:00,FFIA2
966,10.0,7.7,8.2,,,,,1007.0,3.4,,,,-2.1,,2025-02-19 05:00:00+00:00,FFIA2
967,360.0,8.2,8.8,,,,,1007.7,3.3,,,,-1.9,,2025-02-19 04:00:00+00:00,FFIA2
968,360.0,7.2,7.7,,,,,1008.5,3.2,,,,-1.5,,2025-02-19 03:00:00+00:00,FFIA2
969,10.0,7.2,8.2,,,,,1009.1,3.2,,,,-1.9,,2025-02-19 02:00:00+00:00,FFIA2
970,360.0,6.7,7.7,,,,,1009.6,3.0,,,,-1.9,,2025-02-19 01:00:00+00:00,FFIA2
971,10.0,7.7,8.2,,,,,1010.0,2.8,,,,-2.1,,2025-02-19 00:00:00+00:00,FFIA2
972,10.0,7.2,7.7,,,,,1011.0,2.7,,,,-1.4,,2025-02-18 23:00:00+00:00,FFIA2
973,350.0,5.7,6.2,,,,,1011.5,2.6,,,,-1.3,,2025-02-18 22:00:00+00:00,FFIA2
974,30.0,4.6,5.1,,,,,1012.1,2.9,,,,-1.1,,2025-02-18 21:00:00+00:00,FFIA2
975,10.0,6.7,6.7,,,,,1012.4,2.6,,,,-1.3,,2025-02-18 20:00:00+00:00,FFIA2
976,360.0,4.6,4.6,,,,,1012.8,2.4,,,,-0.9,,2025-02-18 19:00:00+00:00,FFIA2
977,330.0,2.1,2.6,,,,,1013.2,2.3,,,,-0.6,,2025-02-18 18:00:00+00:00,FFIA2
978,320.0,1.0,1.5,,,,,1013.7,2.2,,,,-0.6,,2025-02-18 17:00:00+00:00,FFIA2
979,20.0,2.6,3.1,,,,,1013.7,2.6,,,,-1.1,,2025-02-18 16:00:00+00:00,FFIA2
980,50.0,2.6,2.6,,,,,1013.8,2.6,,,,-1.0,,2025-02-18 15:00:00+00:00,FFIA2
981,50.0,2.1,2.6,,,,,1014.3,2.6,,,,-0.5,,2025-02-18 14:00:00+00:00,FFIA2
982,20.0,2.6,3.1,,,,,1014.8,2.8,,,,0.4,,2025-02-18 13:00:00+00:00,FFIA2
983,10.0,4.6,4.6,,,,,1014.8,2.5,,,,0.5,,2025-02-18 12:00:00+00:00,FFIA2
984,10.0,4.1,4.6,,,,,1014.8,2.6,,,,-0.0,,2025-02-18 11:00:00+00:00,FFIA2
985,10.0,4.6,4.6,,,,,1014.4,2.5,,,,-0.7,,2025-02-18 10:00:00+00:00,FFIA2
986,360.0,1.5,2.1,,,,,1014.3,2.5,,,,-0.8,,2025-02-18 09:00:00+00:00,FFIA2
987,50.0,2.1,2.6,,,,,1014.7,2.3,,,,-0.3,,2025-02-18 08:00:00+00:00,FFIA2
988,140.0,1.0,1.5,,,,,1015.1,2.5,,,,0.5,,2025-02-18 07:00:00+00:00,FFIA2
989,100.0,1.5,2.1,,,,,1015.1,2.7,,,,1.0,,2025-02-18 06:00:00+00:00,FFIA2
990,10.0,2.6,3.1,,,,,1015.0,2.8,,,,0.9,,2025-02-18 05:00:00+00:00,FFIA2
991,10.0,3.6,4.1,,,,,1014.6,2.7,,,,-0.0,,2025-02-18 04:00:00+00:00,FFIA2
992,20.0,4.6,5.1,,,,,1014.1,2.5,,,,-0.3,,2025-02-18 03:00:00+00:00,FFIA2
993,20.0,4.6,5.1,,,,,1014.1,2.4,,,,-0.6,,2025-02-18 02:00:00+00:00,FFIA2
994,350.0,2.6,3.1,,,,,1014.4,2.2,,,,-0.3,,2025-02-18 01:00:00+00:00,FFIA2
995,20.0,3.1,4.1,,,,,1014.4,1.8,,,,-0.3,,2025-02-18 00:00:00+00:00,FFIA2
996,340.0,1.0,1.5,,,,,1014.7,1.8,,,,0.0,,2025-02-17 23:00:00+00:00,FFIA2
997,10.0,1.5,2.1,,,,,1014.7,1.6,,,,0.3,,2025-02-17 22:00:00+00:00,FFIA2
998,340.0,0.5,1.0,,,,,1014.7,1.4,,,,0.8,,2025-02-17 21:00:00+00:00,FFIA2
999,330.0,2.1,2.6,,,,,1014.6,1.0,,,,1.0,,2025-02-17 20:00:00+00:00,FFIA2
1000,360.0,3.1,3.1,,,,,1014.4,0.9,,,,0.9,,2025-02-17 19:00:00+00:00,FFIA2
1001,350.0,2.6,3.1,,,,,1013.9,0.8,,,,0.4,,2025-02-17 18:00:00+00:00,FFIA2
1002,40.0,3.1,4.1,,,,,1013.6,1.1,,,,0.0,,2025-02-17 17:00:00+00:00,FFIA2
1003,20.0,4.6,5.7,,,,,1013.5,1.1,,,,0.0,,2025-02-17 16:00:00+00:00,FFIA2
1004,40.0,3.1,3.6,,,,,1013.5,1.3,,,,-0.4,,2025-02-17 15:00:00+00:00,FFIA2
1005,350.0,5.7,6.2,,,,,1013.6,1.2,,,,0.0,,2025-02-17 14:00:00+00:00,FFIA2
1006,10.0,5.7,6.7,,,,,1013.6,1.1,,,,0.0,,2025-02-17 13:00:00+00:00,FFIA2
1007,350.0,5.7,6.7,,,,,1013.9,1.0,,,,0.7,,2025-02-17 12:00:00+00:00,FFIA2
1008,350.0,6.7,7.7,,,,,1013.6,1.1,,,,0.3,,2025-02-17 11:00:00+00:00,FFIA2
1009,340.0,6.2,7.2,,,,,1013.6,1.3,,,,0.6,,2025-02-17 10:00:00+00:00,FFIA2
1010,360.0,7.2,7.7,,,,,1013.2,1.6,,,,0.0,,2025-02-17 09:00:00+00:00,FFIA2
1011,340.0,5.7,6.7,,,,,1013.3,2.0,,,,-0.0,,2025-02-17 08:00:00+00:00,FFIA2
1012,360.0,7.7,8.2,,,,,1013.0,1.8,,,,0.3,,2025-02-17 07:00:00+00:00,FFIA2
1013,350.0,7.7,7.7,,,,,1013.0,1.4,,,,0.7,,2025-02-17 06:00:00+00:00,FFIA2
1014,340.0,6.7,7.7,,,,,1013.1,1.5,,,,0.9,,2025-02-17 05:00:00+00:00,FFIA2
1015,340.0,6.7,7.7,,,,,1012.7,1.5,,,,0.6,,2025-02-17 04:00:00+00:00,FFIA2
1016,350.0,8.2,8.8,,,,,1012.3,1.6,,,,0.5,,2025-02-17 03:00:00+00:00,FFIA2
1017,360.0,8.2,8.8,,,,,1012.2,1.6,,,,0.3,,2025-02-17 02:00:00+00:00,FFIA2
1018,350.0,8.8,9.3,,,,,1012.1,1.3,,,,-0.0,,2025-02-17 01:00:00+00:00,FFIA2
1019,350.0,10.3,10.8,,,,,1011.8,1.3,,,,0.0,,2025-02-17 00:00:00+00:00,FFIA2
1020,360.0,9.3,10.3,,,,,1011.9,1.4,,,,0.0,,2025-02-16 23:00:00+00:00,FFIA2
1021,360.0,9.3,10.3,,,,,1012.0,0.9,,,,0.6,,2025-02-16 22:00:00+00:00,FFIA2
1022,350.0,9.3,10.8,,,,,1011.8,0.8,,,,0.9,,2025-02-16 21:00:00+00:00,FFIA2
1023,350.0,9.8,10.8,,,,,1011.7,0.8,,,,1.1,,2025-02-16 20:00:00+00:00,FFIA2
1024,360.0,10.3,11.3,,,,,1011.4,0.6,,,,1.0,,2025-02-16 19:00:00+00:00,FFIA2
1025,350.0,11.3,12.4,,,,,1010.9,0.8,,,,1.0,,2025-02-16 18:00:00+00:00,FFIA2
1026,360.0,10.8,11.8,,,,,1010.6,0.7,,,,0.9,,2025-02-16 17:00:00+00:00,FFIA2
1027,360.0,10.8,11.8,,,,,1010.4,0.5,,,,0.7,,2025-02-16 16:00:00+00:00,FFIA2
1028,350.0,12.9,13.9,,,,,1009.9,0.4,,,,0.7,,2025-02-16 15:00:00+00:00,FFIA2
1029,350.0,11.8,13.4,,,,,1009.7,0.2,,,,0.5,,2025-02-16 14:00:00+00:00,FFIA2
1030,340.0,10.8,12.4,,,,,1009.7,0.3,,,,0.6,,2025-02-16 13:00:00+00:00,FFIA2
1031,350.0,12.9,13.4,,,,,1009.2,0.5,,,,0.0,,2025-02-16 12:00:00+00:00,FFIA2
1032,350.0,12.4,13.9,,,,,1009.2,0.4,,,,0.0,,2025-02-16 11:00:00+00:00,FFIA2
1033,360.0,12.4,13.4,,,,,1009.1,0.6,,,,0.4,,2025-02-16 10:00:00+00:00,FFIA2
1034,360.0,11.8,12.9,,,,,1009.3,0.7,,,,-0.0,,2025-02-16 09:00:00+00:00,FFIA2
1035,360.0,12.4,13.9,,,,,1009.1,0.4,,,,-0.3,,2025-02-16 08:00:00+00:00,FFIA2
1036,360.0,13.9,14.9,,,,,1008.7,0.3,,,,-0.5,,2025-02-16 07:00:00+00:00,FFIA2
1037,350.0,10.8,12.4,,,,,1009.2,0.3,,,,-0.4,,2025-02-16 06:00:00+00:00,FFIA2
1038,350.0,10.8,12.4,,,,,1009.4,0.0,,,,0.0,,2025-02-16 05:00:00+00:00,FFIA2
1039,350.0,11.3,12.9,,,,,1009.2,-0.1,,,,0.0,,2025-02-16 04:00:00+00:00,FFIA2
1040,340.0,10.3,11.8,,,,,1009.6,-0.3,,,,-0.4,,2025-02-16 03:00:00+00:00,FFIA2
1041,350.0,12.4,13.4,,,,,1009.3,-0.2,,,,-1.4,,2025-02-16 02:00:00+00:00,FFIA2
1042,350.0,15.4,17.5,,,,,1009.3,0.0,,,,-3.0,,2025-02-16 01:00:00+00:00,FFIA2
1043,10.0,15.4,16.5,,,,,1010.0,-0.5,,,,-3.6,,2025-02-16 00:00:00+00:00,FFIA2
1044,360.0,15.4,17.0,,,,,1010.7,-0.6,,,,-3.5,,2025-02-15 23:00:00+00:00,FFIA2
1045,10.0,14.9,16.5,,,,,1012.3,-1.1,,,,-1.9,,2025-02-15 22:00:00+00:00,FFIA2
1046,350.0,12.9,13.9,,,,,1013.6,-1.0,,,,-1.2,,2025-02-15 21:00:00+00:00,FFIA2
1047,350.0,13.4,15.4,,,,,1014.2,-1.5,,,,-0.9,,2025-02-15 20:00:00+00:00,FFIA2
1048,350.0,16.0,17.0,,,,,1014.2,-1.8,,,,-1.7,,2025-02-15 19:00:00+00:00,FFIA2
1049,360.0,13.9,15.4,,,,,1014.8,-1.6,,,,-2.0,,2025-02-15 18:00:00+00:00,FFIA2
1050,360.0,13.9,14.9,,,,,1015.1,-1.5,,,,-2.7,,2025-02-15 17:00:00+00:00,FFIA2
1051,10.0,10.8,11.8,,,,,1015.9,-1.2,,,,-2.2,,2025-02-15 16:00:00+00:00,FFIA2
1052,10.0,12.4,13.9,,,,,1016.8,-1.4,,,,-2.8,,2025-02-15 15:00:00+00:00,FFIA2
1053,360.0,11.3,12.4,,,,,1017.8,-1.4,,,,-1.8,,2025-02-15 14:00:00+00:00,FFIA2
1054,360.0,11.3,12.4,,,,,1018.1,-1.4,,,,-1.9,,2025-02-15 13:00:00+00:00,FFIA2
1055,20.0,5.1,7.7,,,,,1019.6,-1.0,,,,0.0,,2025-02-15 12:00:00+00:00,FFIA2
1056,360.0,11.3,12.4,,,,,1019.6,-1.8,,,,-0.5,,2025-02-15 11:00:00+00:00,FFIA2
1057,360.0,11.8,12.9,,,,,1020.0,-1.2,,,,-0.0,,2025-02-15 10:00:00+00:00,FFIA2
1058,360.0,11.8,12.9,,,,,1019.7,-1.4,,,,0.5,,2025-02-15 09:00:00+00:00,FFIA2
1059,350.0,10.3,10.8,,,,,1020.1,-1.5,,,,1.2,,2025-02-15 08:00:00+00:00,FFIA2
1060,10.0,5.7,6.2,,,,,1019.9,-0.8,,,,1.9,,2025-02-15 07:00:00+00:00,FFIA2
1061,10.0,9.8,11.3,,,,,1019.2,-0.9,,,,1.5,,2025-02-15 06:00:00+00:00,FFIA2
1062,360.0,11.3,11.8,,,,,1018.9,-1.3,,,,2.2,,2025-02-15 05:00:00+00:00,FFIA2
1063,350.0,11.8,12.4,,,,,1018.0,-1.1,,,,1.6,,2025-02-15 04:00:00+00:00,FFIA2
1064,350.0,10.8,11.3,,,,,1017.7,-0.9,,,,1.1,,2025-02-15 03:00:00+00:00,FFIA2
1065,360.0,11.8,13.4,,,,,1016.7,-0.8,,,,0.4,,2025-02-15 02:00:00+00:00,FFIA2
1066,10.0,11.3,12.4,,,,,1016.4,-0.6,,,,0.6,,2025-02-15 01:00:00+00:00,FFIA2
1067,360.0,8.8,9.3,,,,,1016.6,-0.5,,,,1.2,,2025-02-15 00:00:00+00:00,FFIA2
1068,10.0,8.2,9.3,,,,,1016.3,-1.0,,,,1.9,,2025-02-14 23:00:00+00:00,FFIA2
1069,360.0,9.3,9.8,,,,,1015.8,-1.3,,,,2.7,,2025-02-14 22:00:00+00:00,FFIA2
1070,360.0,10.8,11.8,,,,,1015.4,-1.7,,,,3.0,,2025-02-14 21:00:00+00:00,FFIA2
1071,350.0,9.3,11.3,,,,,1014.4,-1.5,,,,2.7,,2025-02-14 20:00:00+00:00,FFIA2
1072,50.0,4.6,5.1,,,,,1013.1,-1.7,,,,2.4,,2025-02-14 19:00:00+00:00,FFIA2
1073,40.0,4.1,5.1,,,,,1012.4,-1.6,,,,2.8,,2025-02-14 18:00:00+00:00,FFIA2
1074,40.0,3.6,4.6,,,,,1011.7,-1.6,,,,2.7,,2025-02-14 17:00:00+00:00,FFIA2
1075,60.0,2.6,3.1,,,,,1010.7,-2.4,,,,2.7,,2025-02-14 16:00:00+00:00,FFIA2
1076,50.0,4.1,5.1,,,,,1009.6,-2.0,,,,1.8,,2025-02-14 15:00:00+00:00,FFIA2
1077,40.0,3.6,4.6,,,,,1009.0,-1.6,,,,2.2,,2025-02-14 14:00:00+00:00,FFIA2
1078,10.0,6.7,7.7,,,,,1008.0,-1.5,,,,2.4,,2025-02-14 13:00:00+00:00,FFIA2
1079,20.0,3.1,5.1,,,,,1007.8,-1.6,,,,3.0,,2025-02-14 12:00:00+00:00,FFIA2
1080,30.0,4.1,5.1,,,,,1006.8,-1.2,,,,2.8,,2025-02-14 11:00:00+00:00,FFIA2
1081,360.0,10.8,12.4,,,,,1005.6,-1.2,,,,2.1,,2025-02-14 10:00:00+00:00,FFIA2
1082,350.0,10.8,12.4,,,,,1004.8,-1.1,,,,1.9,,2025-02-14 09:00:00+00:00,FFIA2
1083,360.0,9.8,11.3,,,,,1004.0,-1.1,,,,1.6,,2025-02-14 08:00:00+00:00,FFIA2
1084,10.0,6.7,8.2,,,,,1003.5,-0.8,,,,1.7,,2025-02-14 07:00:00+00:00,FFIA2
1085,350.0,10.8,12.4,,,,,1002.9,-1.1,,,,0.9,,2025-02-14 06:00:00+00:00,FFIA2
1086,360.0,10.3,11.3,,,,,1002.4,-1.0,,,,0.6,,2025-02-14 05:00:00+00:00,FFIA2
1087,360.0,8.8,10.8,,,,,1001.8,-0.9,,,,0.0,,2025-02-14 04:00:00+00:00,FFIA2
1088,350.0,9.8,10.8,,,,,1002.0,-1.1,,,,0.0,,2025-02-14 03:00:00+00:00,FFIA2
1089,350.0,8.8,9.8,,,,,1001.8,-1.2,,,,-0.3,,2025-02-14 02:00:00+00:00,FFIA2
1090,360.0,8.8,9.8,,,,,1001.8,-1.4,,,,-0.7,,2025-02-14 01:00:00+00:00,FFIA2
1091,360.0,7.7,8.8,,,,,1001.8,-1.4,,,,-1.2,,2025-02-14 00:00:00+00:00,FFIA2
